invoice_no,stock_code,description,quantity,unit_price,sku_median_price,price_ratio,line_value,invoice_date,customer_id
556446,22502,PICNIC BASKET WICKER 60 PIECES,1,649.5,5.95,109.2,649.5,2011-06-10 15:33:00,15098
538071,22945,CHRISTMAS METAL TAGS ASSORTED,6,11.02,0.85,13.0,66.12,2010-12-09 14:09:00,
538566,22945,CHRISTMAS METAL TAGS ASSORTED,5,11.02,0.85,13.0,55.1,2010-12-13 11:21:00,
539451,37370,RETRO COFFEE MUGS ASSORTED,3,16.13,1.25,12.9,48.39,2010-12-17 16:59:00,
538148,37370,RETRO COFFEE MUGS ASSORTED,3,16.13,1.25,12.9,48.39,2010-12-09 16:26:00,
538883,37370,RETRO COFFEE MUGS ASSORTED,3,16.13,1.25,12.9,48.39,2010-12-14 15:56:00,
539434,22945,CHRISTMAS METAL TAGS ASSORTED,4,11.02,0.85,13.0,44.08,2010-12-17 14:41:00,
560090,40016,CHINESE DRAGON PAPER LANTERNS,5,8.29,0.42,19.7,41.45,2011-07-14 16:46:00,
537237,22945,CHRISTMAS METAL TAGS ASSORTED,3,11.02,0.85,13.0,33.06,2010-12-06 09:58:00,
537434,22945,CHRISTMAS METAL TAGS ASSORTED,3,11.02,0.85,13.0,33.06,2010-12-06 16:57:00,
537237,37370,RETRO COFFEE MUGS ASSORTED,2,16.13,1.25,12.9,32.26,2010-12-06 09:58:00,
537434,37370,RETRO COFFEE MUGS ASSORTED,2,16.13,1.25,12.9,32.26,2010-12-06 16:57:00,
539737,37370,RETRO COFFEE MUGS ASSORTED,2,16.13,1.25,12.9,32.26,2010-12-21 15:19:00,
537642,37370,RETRO COFFEE MUGS ASSORTED,2,16.13,1.25,12.9,32.26,2010-12-07 15:33:00,
537643,37370,RETRO COFFEE MUGS ASSORTED,2,16.13,1.25,12.9,32.26,2010-12-07 15:34:00,
537666,37370,RETRO COFFEE MUGS ASSORTED,2,16.13,1.25,12.9,32.26,2010-12-07 18:36:00,
536862,37370,RETRO COFFEE MUGS ASSORTED,2,16.13,1.25,12.9,32.26,2010-12-03 11:13:00,
539595,37370,RETRO COFFEE MUGS ASSORTED,2,16.13,1.25,12.9,32.26,2010-12-20 13:43:00,
540154,37370,RETRO COFFEE MUGS ASSORTED,2,16.13,1.25,12.9,32.26,2011-01-05 11:30:00,
548516,37370,RETRO COFFEE MUGS ASSORTED,2,15.79,1.25,12.6,31.58,2011-03-31 16:28:00,
553389,37370,RETRO COFFEE MUGS ASSORTED,2,15.79,1.25,12.6,31.58,2011-05-16 16:37:00,
537641,85175,CACTI T-LIGHT CANDLES,2,13.57,0.42,32.3,27.14,2010-12-07 15:32:00,
541993,85175,CACTI T-LIGHT CANDLES,2,13.29,0.42,31.6,26.58,2011-01-25 09:37:00,
537638,21136,PAINTED METAL PEARS ASSORTED,1,25.49,1.69,15.1,25.49,2010-12-07 15:28:00,
540821,21135,VICTORIAN  METAL POSTCARD SPRING,1,25.49,1.69,15.1,25.49,2011-01-11 13:16:00,
554694,21136,PAINTED METAL PEARS ASSORTED,1,24.96,1.69,14.8,24.96,2011-05-25 17:06:00,
551718,21135,VICTORIAN  METAL POSTCARD SPRING,1,24.96,1.69,14.8,24.96,2011-05-03 16:06:00,
546892,79030G,"TUMBLER, NEW ENGLAND",2,12.46,0.39,31.9,24.92,2011-03-17 18:20:00,
541871,40016,CHINESE DRAGON PAPER LANTERNS,3,8.29,0.42,19.7,24.87,2011-01-24 09:41:00,
548514,37340,MULTICOLOUR SPRING FLOWER MUG,3,8.29,0.69,12.0,24.87,2011-03-31 16:03:00,
566060,23326,HANGING MINI COLOURED BOTTLES,3,8.29,0.63,13.2,24.87,2011-09-08 15:27:00,
538524,22945,CHRISTMAS METAL TAGS ASSORTED,2,11.02,0.85,13.0,22.04,2010-12-13 09:35:00,
538177,22945,CHRISTMAS METAL TAGS ASSORTED,2,11.02,0.85,13.0,22.04,2010-12-10 09:51:00,
538349,22945,CHRISTMAS METAL TAGS ASSORTED,2,11.02,0.85,13.0,22.04,2010-12-10 14:59:00,
537434,22924,FRIDGE MAGNETS LA VIE EN ROSE,2,11.02,0.85,13.0,22.04,2010-12-06 16:57:00,
536592,22945,CHRISTMAS METAL TAGS ASSORTED,2,11.02,0.85,13.0,22.04,2010-12-01 17:06:00,
539453,22945,CHRISTMAS METAL TAGS ASSORTED,2,11.02,0.85,13.0,22.04,2010-12-17 17:08:00,
567665,23433,HANGING QUILTED PATCHWORK APPLES,2,10.79,0.83,13.0,21.58,2011-09-21 15:22:00,
536592,35637A,IVORY STRING CURTAIN WITH POLE,1,19.53,1.95,10.0,19.53,2010-12-01 17:06:00,
540551,37482P,CUBIC MUG PINK POLKADOT,3,5.91,0.39,15.2,17.73,2011-01-10 09:43:00,
539718,37482P,CUBIC MUG PINK POLKADOT,1,16.98,0.39,43.5,16.98,2010-12-21 13:06:00,
539436,37482P,CUBIC MUG PINK POLKADOT,1,16.98,0.39,43.5,16.98,2010-12-17 14:49:00,
539708,37479P,CUBIC MUG FLOCK PINK ON BROWN,1,16.98,0.39,43.5,16.98,2010-12-21 12:18:00,
538566,37482P,CUBIC MUG PINK POLKADOT,1,16.98,0.39,43.5,16.98,2010-12-13 11:21:00,
538566,37479P,CUBIC MUG FLOCK PINK ON BROWN,1,16.98,0.39,43.5,16.98,2010-12-13 11:21:00,
539436,47504K,ENGLISH ROSE GARDEN SECATEURS,2,8.47,0.79,10.7,16.94,2010-12-17 14:49:00,
539745,37340,MULTICOLOUR SPRING FLOWER MUG,2,8.47,0.69,12.3,16.94,2010-12-21 15:21:00,
542624,37340,MULTICOLOUR SPRING FLOWER MUG,2,8.29,0.69,12.0,16.58,2011-01-31 09:48:00,
543182,40016,CHINESE DRAGON PAPER LANTERNS,2,8.29,0.42,19.7,16.58,2011-02-04 10:40:00,
564837,23326,HANGING MINI COLOURED BOTTLES,2,8.29,0.63,13.2,16.58,2011-08-30 12:40:00,
551004,37340,MULTICOLOUR SPRING FLOWER MUG,2,8.29,0.69,12.0,16.58,2011-04-26 09:48:00,
559923,40016,CHINESE DRAGON PAPER LANTERNS,2,8.29,0.42,19.7,16.58,2011-07-13 16:07:00,
553013,40016,CHINESE DRAGON PAPER LANTERNS,2,8.29,0.42,19.7,16.58,2011-05-12 18:19:00,
565840,23326,HANGING MINI COLOURED BOTTLES,2,8.29,0.63,13.2,16.58,2011-09-07 12:02:00,
547967,40016,CHINESE DRAGON PAPER LANTERNS,2,8.29,0.42,19.7,16.58,2011-03-28 15:49:00,
565917,23326,HANGING MINI COLOURED BOTTLES,2,8.29,0.63,13.2,16.58,2011-09-07 16:15:00,
567656,40016,CHINESE DRAGON PAPER LANTERNS,2,8.29,0.42,19.7,16.58,2011-09-21 14:40:00,14096
538524,22944,CHRISTMAS METAL POSTCARD WITH BELLS,1,16.13,0.97,16.6,16.13,2010-12-13 09:35:00,
538566,37370,RETRO COFFEE MUGS ASSORTED,1,16.13,1.25,12.9,16.13,2010-12-13 11:21:00,
538566,37327,ASSTD MULTICOLOUR CIRCLES MUG,1,16.13,0.39,41.4,16.13,2010-12-13 11:21:00,
539436,37370,RETRO COFFEE MUGS ASSORTED,1,16.13,1.25,12.9,16.13,2010-12-17 14:49:00,
539738,37370,RETRO COFFEE MUGS ASSORTED,1,16.13,1.25,12.9,16.13,2010-12-21 15:19:00,
539492,37370,RETRO COFFEE MUGS ASSORTED,1,16.13,1.25,12.9,16.13,2010-12-20 10:14:00,
539736,37370,RETRO COFFEE MUGS ASSORTED,1,16.13,1.25,12.9,16.13,2010-12-21 15:18:00,
539434,22944,CHRISTMAS METAL POSTCARD WITH BELLS,1,16.13,0.97,16.6,16.13,2010-12-17 14:41:00,
539453,37370,RETRO COFFEE MUGS ASSORTED,1,16.13,1.25,12.9,16.13,2010-12-17 17:08:00,
539735,37370,RETRO COFFEE MUGS ASSORTED,1,16.13,1.25,12.9,16.13,2010-12-21 15:17:00,
540821,22856,ASSORTED EASTER DECORATIONS  BELLS,1,16.13,1.25,12.9,16.13,2011-01-11 13:16:00,
536592,37370,RETRO COFFEE MUGS ASSORTED,1,16.13,1.25,12.9,16.13,2010-12-01 17:06:00,
536544,37370,RETRO COFFEE MUGS ASSORTED,1,16.13,1.25,12.9,16.13,2010-12-01 14:32:00,
540848,37370,RETRO COFFEE MUGS ASSORTED,1,16.13,1.25,12.9,16.13,2011-01-12 09:26:00,
536876,37370,RETRO COFFEE MUGS ASSORTED,1,16.13,1.25,12.9,16.13,2010-12-03 11:36:00,
536865,37370,RETRO COFFEE MUGS ASSORTED,1,16.13,1.25,12.9,16.13,2010-12-03 11:28:00,
537638,37370,RETRO COFFEE MUGS ASSORTED,1,16.13,1.25,12.9,16.13,2010-12-07 15:28:00,
537645,37370,RETRO COFFEE MUGS ASSORTED,1,16.13,1.25,12.9,16.13,2010-12-07 15:34:00,
537641,37370,RETRO COFFEE MUGS ASSORTED,1,16.13,1.25,12.9,16.13,2010-12-07 15:32:00,
536592,22944,CHRISTMAS METAL POSTCARD WITH BELLS,1,16.13,0.97,16.6,16.13,2010-12-01 17:06:00,
538071,37370,RETRO COFFEE MUGS ASSORTED,1,16.13,1.25,12.9,16.13,2010-12-09 14:09:00,
540977,85160B,BLACK BIRD GARDEN DESIGN MUG,1,16.13,0.39,41.4,16.13,2011-01-12 15:01:00,
538153,37370,RETRO COFFEE MUGS ASSORTED,1,16.13,1.25,12.9,16.13,2010-12-09 16:31:00,
549295,37370,RETRO COFFEE MUGS ASSORTED,1,15.79,1.25,12.6,15.79,2011-04-07 19:49:00,
544598,37370,RETRO COFFEE MUGS ASSORTED,1,15.79,1.25,12.6,15.79,2011-02-21 18:10:00,
546136,22856,ASSORTED EASTER DECORATIONS  BELLS,1,15.79,1.25,12.6,15.79,2011-03-09 16:32:00,
545895,22856,ASSORTED EASTER DECORATIONS  BELLS,1,15.79,1.25,12.6,15.79,2011-03-07 17:14:00,
545464,37370,RETRO COFFEE MUGS ASSORTED,1,15.79,1.25,12.6,15.79,2011-03-03 09:10:00,
549525,22856,ASSORTED EASTER DECORATIONS  BELLS,1,15.79,1.25,12.6,15.79,2011-04-08 15:44:00,
550986,37370,RETRO COFFEE MUGS ASSORTED,1,15.79,1.25,12.6,15.79,2011-04-21 18:06:00,
551997,37370,RETRO COFFEE MUGS ASSORTED,1,15.79,1.25,12.6,15.79,2011-05-05 15:47:00,
544186,37370,RETRO COFFEE MUGS ASSORTED,1,15.79,1.25,12.6,15.79,2011-02-16 15:56:00,
544089,37370,RETRO COFFEE MUGS ASSORTED,1,15.79,1.25,12.6,15.79,2011-02-15 17:51:00,
552000,37370,RETRO COFFEE MUGS ASSORTED,1,15.79,1.25,12.6,15.79,2011-05-05 15:56:00,
552234,37370,RETRO COFFEE MUGS ASSORTED,1,15.79,1.25,12.6,15.79,2011-05-06 16:01:00,
552493,37370,RETRO COFFEE MUGS ASSORTED,1,15.79,1.25,12.6,15.79,2011-05-09 16:21:00,
542255,37370,RETRO COFFEE MUGS ASSORTED,1,15.79,1.25,12.6,15.79,2011-01-26 16:43:00,
541830,37370,RETRO COFFEE MUGS ASSORTED,1,15.79,1.25,12.6,15.79,2011-01-21 17:09:00,
541830,22944,CHRISTMAS METAL POSTCARD WITH BELLS,1,15.79,0.97,16.3,15.79,2011-01-21 17:09:00,
541592,37370,RETRO COFFEE MUGS ASSORTED,1,15.79,1.25,12.6,15.79,2011-01-19 15:08:00,
541421,37370,RETRO COFFEE MUGS ASSORTED,1,15.79,1.25,12.6,15.79,2011-01-17 17:44:00,
553013,37370,RETRO COFFEE MUGS ASSORTED,1,15.79,1.25,12.6,15.79,2011-05-12 18:19:00,
547248,22856,ASSORTED EASTER DECORATIONS  BELLS,1,15.79,1.25,12.6,15.79,2011-03-22 09:23:00,
570871,23483,HANGING  BUTTERFLY T-LIGHT HOLDER,1,15.79,1.25,12.6,15.79,2011-10-12 16:36:00,
573585,23483,HANGING  BUTTERFLY T-LIGHT HOLDER,1,15.79,1.25,12.6,15.79,2011-10-31 14:41:00,
581217,23483,HANGING  BUTTERFLY T-LIGHT HOLDER,1,15.79,1.25,12.6,15.79,2011-12-08 09:20:00,
579508,23483,HANGING  BUTTERFLY T-LIGHT HOLDER,1,15.79,1.25,12.6,15.79,2011-11-29 16:33:00,
577768,23483,HANGING  BUTTERFLY T-LIGHT HOLDER,1,15.79,1.25,12.6,15.79,2011-11-21 15:18:00,
578827,23483,HANGING  BUTTERFLY T-LIGHT HOLDER,1,15.79,1.25,12.6,15.79,2011-11-25 14:25:00,
537240,85175,CACTI T-LIGHT CANDLES,1,13.57,0.42,32.3,13.57,2010-12-06 10:08:00,
537434,85175,CACTI T-LIGHT CANDLES,1,13.57,0.42,32.3,13.57,2010-12-06 16:57:00,
539436,35598B,BLACK CHRISTMAS TREE 60CM,2,6.77,0.65,10.4,13.54,2010-12-17 14:49:00,
543000,85175,CACTI T-LIGHT CANDLES,1,13.29,0.42,31.6,13.29,2011-02-02 12:17:00,
545714,85175,CACTI T-LIGHT CANDLES,1,13.29,0.42,31.6,13.29,2011-03-07 10:12:00,
538349,22127,PARTY CONES CARNIVAL ASSORTED,1,12.72,1.25,10.2,12.72,2010-12-10 14:59:00,
540646,79030G,"TUMBLER, NEW ENGLAND",1,12.72,0.39,32.6,12.72,2011-01-10 14:32:00,
536544,79030G,"TUMBLER, NEW ENGLAND",1,12.72,0.39,32.6,12.72,2010-12-01 14:32:00,
536544,79030D,"TUMBLER, BAROQUE",1,12.72,0.39,32.6,12.72,2010-12-01 14:32:00,
545216,85172,HYACINTH BULB T-LIGHT CANDLES,1,12.46,0.42,29.7,12.46,2011-02-28 16:50:00,
542541,79030D,"TUMBLER, BAROQUE",1,12.46,0.39,31.9,12.46,2011-01-28 14:25:00,
537666,37444A,YELLOW BREAKFAST CUP AND SAUCER,2,5.91,0.39,15.2,11.82,2010-12-07 18:36:00,
540848,37482P,CUBIC MUG PINK POLKADOT,2,5.91,0.39,15.2,11.82,2011-01-12 09:26:00,
540848,37327,ASSTD MULTICOLOUR CIRCLES MUG,2,5.91,0.39,15.2,11.82,2011-01-12 09:26:00,
541421,37327,ASSTD MULTICOLOUR CIRCLES MUG,2,5.79,0.39,14.8,11.58,2011-01-17 17:44:00,
541104,37482P,CUBIC MUG PINK POLKADOT,2,5.79,0.39,14.8,11.58,2011-01-13 14:29:00,
541696,37327,ASSTD MULTICOLOUR CIRCLES MUG,2,5.79,0.39,14.8,11.58,2011-01-20 18:08:00,
550471,79030G,TUMBLER NEW ENGLAND,2,5.79,0.39,14.8,11.58,2011-04-18 13:52:00,
541424,37444A,YELLOW BREAKFAST CUP AND SAUCER,2,5.79,0.39,14.8,11.58,2011-01-17 17:57:00,
538177,22922,FRIDGE MAGNETS US DINER ASSORTED,1,11.02,0.85,13.0,11.02,2010-12-10 09:51:00,
537237,22924,FRIDGE MAGNETS LA VIE EN ROSE,1,11.02,0.85,13.0,11.02,2010-12-06 09:58:00,
537666,22945,CHRISTMAS METAL TAGS ASSORTED,1,11.02,0.85,13.0,11.02,2010-12-07 18:36:00,
537638,22945,CHRISTMAS METAL TAGS ASSORTED,1,11.02,0.85,13.0,11.02,2010-12-07 15:28:00,
536544,20835,FRENCH LATTICE CUSHION COVER,1,11.02,0.83,13.3,11.02,2010-12-01 14:32:00,
537434,22923,FRIDGE MAGNETS LES ENFANTS ASSORTED,1,11.02,0.85,13.0,11.02,2010-12-06 16:57:00,
539453,22857,ASSORTED EASTER GIFT TAGS,1,11.02,0.85,13.0,11.02,2010-12-17 17:08:00,
536544,22945,CHRISTMAS METAL TAGS ASSORTED,1,11.02,0.85,13.0,11.02,2010-12-01 14:32:00,
538883,22924,FRIDGE MAGNETS LA VIE EN ROSE,1,11.02,0.85,13.0,11.02,2010-12-14 15:56:00,
539451,22945,CHRISTMAS METAL TAGS ASSORTED,1,11.02,0.85,13.0,11.02,2010-12-17 16:59:00,
539718,22922,FRIDGE MAGNETS US DINER ASSORTED,1,11.02,0.85,13.0,11.02,2010-12-21 13:06:00,
540026,22945,CHRISTMAS METAL TAGS ASSORTED,1,11.02,0.85,13.0,11.02,2011-01-04 13:25:00,
539451,22922,FRIDGE MAGNETS US DINER ASSORTED,1,11.02,0.85,13.0,11.02,2010-12-17 16:59:00,
540551,22924,FRIDGE MAGNETS LA VIE EN ROSE,1,11.02,0.85,13.0,11.02,2011-01-10 09:43:00,
539492,22945,CHRISTMAS METAL TAGS ASSORTED,1,11.02,0.85,13.0,11.02,2010-12-20 10:14:00,
539708,22945,CHRISTMAS METAL TAGS ASSORTED,1,11.02,0.85,13.0,11.02,2010-12-21 12:18:00,
539958,22945,CHRISTMAS METAL TAGS ASSORTED,1,11.02,0.85,13.0,11.02,2010-12-23 13:26:00,
541497,22922,FRIDGE MAGNETS US DINER ASSORTED,1,10.79,0.85,12.7,10.79,2011-01-18 15:19:00,
565232,23432,PRETTY HANGING QUILTED HEARTS,1,10.79,0.83,13.0,10.79,2011-09-02 09:30:00,
579187,23433,HANGING QUILTED PATCHWORK APPLES,1,10.79,0.83,13.0,10.79,2011-11-28 15:31:00,
565840,23433,HANGING QUILTED PATCHWORK APPLES,1,10.79,0.83,13.0,10.79,2011-09-07 12:02:00,
571714,23431,NATURAL HANGING QUILTED HEARTS,1,10.79,0.83,13.0,10.79,2011-10-18 17:00:00,
541695,22945,CHRISTMAS METAL TAGS ASSORTED,1,10.79,0.85,12.7,10.79,2011-01-20 18:01:00,
579187,23432,PRETTY HANGING QUILTED HEARTS,1,10.79,0.83,13.0,10.79,2011-11-28 15:31:00,
576329,23433,HANGING QUILTED PATCHWORK APPLES,1,10.79,0.83,13.0,10.79,2011-11-14 15:22:00,
555150,22945,CHRISTMAS METAL TAGS ASSORTED,1,10.79,0.85,12.7,10.79,2011-05-31 15:53:00,
541830,22945,CHRISTMAS METAL TAGS ASSORTED,1,10.79,0.85,12.7,10.79,2011-01-21 17:09:00,
565232,23433,HANGING QUILTED PATCHWORK APPLES,1,10.79,0.83,13.0,10.79,2011-09-02 09:30:00,
567671,23431,NATURAL HANGING QUILTED HEARTS,1,10.79,0.83,13.0,10.79,2011-09-21 15:34:00,
552514,22922,FRIDGE MAGNETS US DINER ASSORTED,1,10.79,0.85,12.7,10.79,2011-05-09 16:30:00,
542998,22922,FRIDGE MAGNETS US DINER ASSORTED,1,10.79,0.85,12.7,10.79,2011-02-02 12:16:00,
547249,22857,ASSORTED EASTER GIFT TAGS,1,10.79,0.85,12.7,10.79,2011-03-22 09:27:00,
578065,23433,HANGING QUILTED PATCHWORK APPLES,1,10.79,0.83,13.0,10.79,2011-11-22 15:41:00,
567901,23431,NATURAL HANGING QUILTED HEARTS,1,10.79,0.83,13.0,10.79,2011-09-22 16:28:00,
571714,23432,PRETTY HANGING QUILTED HEARTS,1,10.79,0.83,13.0,10.79,2011-10-18 17:00:00,
541104,22945,CHRISTMAS METAL TAGS ASSORTED,1,10.79,0.85,12.7,10.79,2011-01-13 14:29:00,
569374,23432,PRETTY HANGING QUILTED HEARTS,1,10.79,0.83,13.0,10.79,2011-10-03 16:14:00,
545895,22857,ASSORTED EASTER GIFT TAGS,1,10.79,0.85,12.7,10.79,2011-03-07 17:14:00,
570258,23431,NATURAL HANGING QUILTED HEARTS,1,10.79,0.83,13.0,10.79,2011-10-10 09:56:00,
546884,22922,FRIDGE MAGNETS US DINER ASSORTED,1,10.79,0.85,12.7,10.79,2011-03-17 18:08:00,
548373,22922,FRIDGE MAGNETS US DINER ASSORTED,1,10.79,0.85,12.7,10.79,2011-03-30 16:34:00,
545568,22922,FRIDGE MAGNETS US DINER ASSORTED,1,10.79,0.85,12.7,10.79,2011-03-03 16:22:00,
537240,35954,SMALL FOLKART STAR CHRISTMAS DEC,3,3.36,0.31,10.8,10.08,2010-12-06 10:08:00,
541422,22915,ASSORTED BOTTLE TOP  MAGNETS,2,4.96,0.42,11.8,9.92,2011-01-17 17:48:00,
544681,22915,ASSORTED BOTTLE TOP  MAGNETS,2,4.96,0.42,11.8,9.92,2011-02-22 16:28:00,
544928,22915,ASSORTED BOTTLE TOP  MAGNETS,2,4.96,0.42,11.8,9.92,2011-02-24 18:07:00,
536544,20840,FRENCH FLORAL CUSHION COVER,1,9.32,0.85,11.0,9.32,2010-12-01 14:32:00,
539738,37340,MULTICOLOUR SPRING FLOWER MUG,1,8.47,0.69,12.3,8.47,2010-12-21 15:19:00,
537434,47504K,ENGLISH ROSE GARDEN SECATEURS,1,8.47,0.79,10.7,8.47,2010-12-06 16:57:00,
539437,35953,FOLKART STAR CHRISTMAS DECORATIONS,1,8.47,0.39,21.7,8.47,2010-12-17 14:54:00,
538153,37340,MULTICOLOUR SPRING FLOWER MUG,1,8.47,0.69,12.3,8.47,2010-12-09 16:31:00,
537240,40016,CHINESE DRAGON PAPER LANTERNS,1,8.47,0.42,20.2,8.47,2010-12-06 10:08:00,
537642,37340,MULTICOLOUR SPRING FLOWER MUG,1,8.47,0.69,12.3,8.47,2010-12-07 15:33:00,
538149,37340,MULTICOLOUR SPRING FLOWER MUG,1,8.47,0.69,12.3,8.47,2010-12-09 16:27:00,
537641,37340,MULTICOLOUR SPRING FLOWER MUG,1,8.47,0.69,12.3,8.47,2010-12-07 15:32:00,
540352,37340,MULTICOLOUR SPRING FLOWER MUG,1,8.47,0.69,12.3,8.47,2011-01-06 14:27:00,
539451,40016,CHINESE DRAGON PAPER LANTERNS,1,8.47,0.42,20.2,8.47,2010-12-17 16:59:00,
538148,37340,MULTICOLOUR SPRING FLOWER MUG,1,8.47,0.69,12.3,8.47,2010-12-09 16:26:00,
539437,47504K,ENGLISH ROSE GARDEN SECATEURS,1,8.47,0.79,10.7,8.47,2010-12-17 14:54:00,
539436,21398,RED POLKADOT COFFEE  MUG,2,4.21,0.39,10.8,8.42,2010-12-17 14:49:00,
538566,21398,RED POLKADOT COFFEE  MUG,2,4.21,0.39,10.8,8.42,2010-12-13 11:21:00,
548663,37340,MULTICOLOUR SPRING FLOWER MUG,1,8.29,0.69,12.0,8.29,2011-04-01 14:44:00,
548164,37340,MULTICOLOUR SPRING FLOWER MUG,1,8.29,0.69,12.0,8.29,2011-03-29 13:44:00,
581219,23326,HANGING MINI COLOURED BOTTLES,1,8.29,0.63,13.2,8.29,2011-12-08 09:28:00,
550470,40016,CHINESE DRAGON PAPER LANTERNS,1,8.29,0.42,19.7,8.29,2011-04-18 13:49:00,
548505,37340,MULTICOLOUR SPRING FLOWER MUG,1,8.29,0.69,12.0,8.29,2011-03-31 14:34:00,
565234,23326,HANGING MINI COLOURED BOTTLES,1,8.29,0.63,13.2,8.29,2011-09-02 09:38:00,
578844,23326,HANGING MINI COLOURED BOTTLES,1,8.29,0.63,13.2,8.29,2011-11-25 16:14:00,
547551,37340,MULTICOLOUR SPRING FLOWER MUG,1,8.29,0.69,12.0,8.29,2011-03-23 15:55:00,
550215,37340,MULTICOLOUR SPRING FLOWER MUG,1,8.29,0.69,12.0,8.29,2011-04-15 10:43:00,
547250,40016,CHINESE DRAGON PAPER LANTERNS,1,8.29,0.42,19.7,8.29,2011-03-22 09:30:00,
550210,37340,MULTICOLOUR SPRING FLOWER MUG,1,8.29,0.69,12.0,8.29,2011-04-15 10:40:00,
563549,23326,HANGING MINI COLOURED BOTTLES,1,8.29,0.63,13.2,8.29,2011-08-17 12:34:00,
578149,23326,HANGING MINI COLOURED BOTTLES,1,8.29,0.63,13.2,8.29,2011-11-23 11:11:00,
559817,40016,CHINESE DRAGON PAPER LANTERNS,1,8.29,0.42,19.7,8.29,2011-07-12 16:20:00,
562843,40016,CHINESE DRAGON PAPER LANTERNS,1,8.29,0.42,19.7,8.29,2011-08-09 17:37:00,
568719,23326,HANGING MINI COLOURED BOTTLES,1,8.29,0.63,13.2,8.29,2011-09-28 16:19:00,
562715,40016,CHINESE DRAGON PAPER LANTERNS,1,8.29,0.42,19.7,8.29,2011-08-08 15:34:00,
562420,40016,CHINESE DRAGON PAPER LANTERNS,1,8.29,0.42,19.7,8.29,2011-08-04 16:38:00,
564221,23326,HANGING MINI COLOURED BOTTLES,1,8.29,0.63,13.2,8.29,2011-08-24 09:36:00,
564758,23326,HANGING MINI COLOURED BOTTLES,1,8.29,0.63,13.2,8.29,2011-08-30 10:39:00,
564818,23326,HANGING MINI COLOURED BOTTLES,1,8.29,0.63,13.2,8.29,2011-08-30 12:10:00,
562417,40016,CHINESE DRAGON PAPER LANTERNS,1,8.29,0.42,19.7,8.29,2011-08-04 16:32:00,
562024,40016,CHINESE DRAGON PAPER LANTERNS,1,8.29,0.42,19.7,8.29,2011-08-01 16:07:00,
560773,40016,CHINESE DRAGON PAPER LANTERNS,1,8.29,0.42,19.7,8.29,2011-07-20 16:17:00,
560433,40016,CHINESE DRAGON PAPER LANTERNS,1,8.29,0.42,19.7,8.29,2011-07-18 15:49:00,
564835,23326,HANGING MINI COLOURED BOTTLES,1,8.29,0.63,13.2,8.29,2011-08-30 12:31:00,
556429,37340,MULTICOLOUR SPRING FLOWER MUG,1,8.29,0.69,12.0,8.29,2011-06-10 13:23:00,
567671,23326,HANGING MINI COLOURED BOTTLES,1,8.29,0.63,13.2,8.29,2011-09-21 15:34:00,
556427,37340,MULTICOLOUR SPRING FLOWER MUG,1,8.29,0.69,12.0,8.29,2011-06-10 13:23:00,
568057,23326,HANGING MINI COLOURED BOTTLES,1,8.29,0.63,13.2,8.29,2011-09-23 12:56:00,
556094,37340,MULTICOLOUR SPRING FLOWER MUG,1,8.29,0.69,12.0,8.29,2011-06-08 15:26:00,
554961,37340,MULTICOLOUR SPRING FLOWER MUG,1,8.29,0.69,12.0,8.29,2011-05-27 15:19:00,
575176,23326,HANGING MINI COLOURED BOTTLES,1,8.29,0.63,13.2,8.29,2011-11-08 18:29:00,
552684,37340,MULTICOLOUR SPRING FLOWER MUG,1,8.29,0.69,12.0,8.29,2011-05-10 15:09:00,
552677,37340,MULTICOLOUR SPRING FLOWER MUG,1,8.29,0.69,12.0,8.29,2011-05-10 15:07:00,
552676,37340,MULTICOLOUR SPRING FLOWER MUG,1,8.29,0.69,12.0,8.29,2011-05-10 15:07:00,
552674,37340,MULTICOLOUR SPRING FLOWER MUG,1,8.29,0.69,12.0,8.29,2011-05-10 15:07:00,
576840,23326,HANGING MINI COLOURED BOTTLES,1,8.29,0.63,13.2,8.29,2011-11-16 15:23:00,
552229,37340,MULTICOLOUR SPRING FLOWER MUG,1,8.29,0.69,12.0,8.29,2011-05-06 15:40:00,
565233,23326,HANGING MINI COLOURED BOTTLES,1,8.29,0.63,13.2,8.29,2011-09-02 09:34:00,
552672,37340,MULTICOLOUR SPRING FLOWER MUG,1,8.29,0.69,12.0,8.29,2011-05-10 15:06:00,
581439,23326,HANGING MINI COLOURED BOTTLES,1,8.29,0.63,13.2,8.29,2011-12-08 16:30:00,
544599,40016,CHINESE DRAGON PAPER LANTERNS,1,8.29,0.42,19.7,8.29,2011-02-21 18:15:00,
546896,40016,CHINESE DRAGON PAPER LANTERNS,1,8.29,0.42,19.7,8.29,2011-03-17 18:24:00,
543532,37340,MULTICOLOUR SPRING FLOWER MUG,1,8.29,0.69,12.0,8.29,2011-02-09 12:59:00,
541496,37340,MULTICOLOUR SPRING FLOWER MUG,1,8.29,0.69,12.0,8.29,2011-01-18 15:00:00,
542115,37340,MULTICOLOUR SPRING FLOWER MUG,1,8.29,0.69,12.0,8.29,2011-01-25 14:01:00,
541131,37340,MULTICOLOUR SPRING FLOWER MUG,1,8.29,0.69,12.0,8.29,2011-01-14 10:16:00,
544202,37340,MULTICOLOUR SPRING FLOWER MUG,1,8.29,0.69,12.0,8.29,2011-02-17 10:29:00,
544598,40016,CHINESE DRAGON PAPER LANTERNS,1,8.29,0.42,19.7,8.29,2011-02-21 18:10:00,
546649,37340,MULTICOLOUR SPRING FLOWER MUG,1,8.29,0.69,12.0,8.29,2011-03-15 14:17:00,
546306,47504K,ENGLISH ROSE GARDEN SECATEURS,1,8.29,0.79,10.5,8.29,2011-03-10 16:16:00,
541696,40016,CHINESE DRAGON PAPER LANTERNS,1,8.29,0.42,19.7,8.29,2011-01-20 18:08:00,
544767,37340,MULTICOLOUR SPRING FLOWER MUG,1,8.29,0.69,12.0,8.29,2011-02-23 11:10:00,
545025,37340,MULTICOLOUR SPRING FLOWER MUG,1,8.29,0.69,12.0,8.29,2011-02-25 14:40:00,
545333,21399,BLUE POLKADOT COFFEE MUG,2,4.13,0.39,10.6,8.26,2011-03-01 16:22:00,
540995,21399,BLUE POLKADOT COFFEE MUG,2,4.13,0.39,10.6,8.26,2011-01-13 09:30:00,
540995,21398,RED POLKADOT COFFEE  MUG,2,4.13,0.39,10.6,8.26,2011-01-13 09:30:00,
545333,21398,RED POLKADOT COFFEE  MUG,2,4.13,0.39,10.6,8.26,2011-03-01 16:22:00,
541127,37468,HARDMAN MUG 3 ASSORTED,1,7.46,0.39,19.1,7.46,2011-01-14 10:11:00,
536592,35598B,BLACK CHRISTMAS TREE 60CM,1,6.77,0.65,10.4,6.77,2010-12-01 17:06:00,
537237,35954,SMALL FOLKART STAR CHRISTMAS DEC,2,3.36,0.31,10.8,6.72,2010-12-06 09:58:00,
562933,35598B,BLACK CHRISTMAS TREE 60CM,1,6.63,0.65,10.2,6.63,2011-08-10 16:51:00,
540681,37327,ASSTD MULTICOLOUR CIRCLES MUG,1,5.91,0.39,15.2,5.91,2011-01-10 16:25:00,
540026,37482P,CUBIC MUG PINK POLKADOT,1,5.91,0.39,15.2,5.91,2011-01-04 13:25:00,
538524,37444A,YELLOW BREAKFAST CUP AND SAUCER,1,5.91,0.39,15.2,5.91,2010-12-13 09:35:00,
539958,37327,ASSTD MULTICOLOUR CIRCLES MUG,1,5.91,0.39,15.2,5.91,2010-12-23 13:26:00,
537434,37444A,YELLOW BREAKFAST CUP AND SAUCER,1,5.91,0.39,15.2,5.91,2010-12-06 16:57:00,
540352,37482P,CUBIC MUG PINK POLKADOT,1,5.91,0.39,15.2,5.91,2011-01-06 14:27:00,
540418,37482P,CUBIC MUG PINK POLKADOT,1,5.91,0.39,15.2,5.91,2011-01-07 11:04:00,
540468,37327,ASSTD MULTICOLOUR CIRCLES MUG,1,5.91,0.39,15.2,5.91,2011-01-07 13:55:00,
540821,37482P,CUBIC MUG PINK POLKADOT,1,5.91,0.39,15.2,5.91,2011-01-11 13:16:00,
553890,37327,ASSTD MULTICOLOUR CIRCLES MUG,1,5.79,0.39,14.8,5.79,2011-05-19 16:32:00,
541497,37327,ASSTD MULTICOLOUR CIRCLES MUG,1,5.79,0.39,14.8,5.79,2011-01-18 15:19:00,
554694,37327,ASSTD MULTICOLOUR CIRCLES MUG,1,5.79,0.39,14.8,5.79,2011-05-25 17:06:00,
553718,79030G,TUMBLER NEW ENGLAND,1,5.79,0.39,14.8,5.79,2011-05-18 16:14:00,
541695,37482P,CUBIC MUG PINK POLKADOT,1,5.79,0.39,14.8,5.79,2011-01-20 18:01:00,
555275,37479P,CUBIC MUG FLOCK PINK ON BROWN,1,5.79,0.39,14.8,5.79,2011-06-01 17:18:00,
541424,37327,ASSTD MULTICOLOUR CIRCLES MUG,1,5.79,0.39,14.8,5.79,2011-01-17 17:57:00,
555275,37479B,CUBIC MUG FLOCK BLUE ON BROWN,1,5.79,0.39,14.8,5.79,2011-06-01 17:18:00,
555510,79030D,TUMBLER BAROQUE,1,5.79,0.39,14.8,5.79,2011-06-03 17:09:00,
555275,79030D,TUMBLER BAROQUE,1,5.79,0.39,14.8,5.79,2011-06-01 17:18:00,
555278,79030G,TUMBLER NEW ENGLAND,1,5.79,0.39,14.8,5.79,2011-06-01 17:33:00,
555510,79030G,TUMBLER NEW ENGLAND,1,5.79,0.39,14.8,5.79,2011-06-03 17:09:00,
541421,37482P,CUBIC MUG PINK POLKADOT,1,5.79,0.39,14.8,5.79,2011-01-17 17:44:00,
541219,37482P,CUBIC MUG PINK POLKADOT,1,5.79,0.39,14.8,5.79,2011-01-14 14:06:00,
541219,37327,ASSTD MULTICOLOUR CIRCLES MUG,1,5.79,0.39,14.8,5.79,2011-01-14 14:06:00,
541104,37327,ASSTD MULTICOLOUR CIRCLES MUG,1,5.79,0.39,14.8,5.79,2011-01-13 14:29:00,
569544,85071B,RED CHARLIE+LOLA PERSONAL DOORSIGN,1,5.79,0.39,14.8,5.79,2011-10-04 16:33:00,
575739,85071B,RED CHARLIE+LOLA PERSONAL DOORSIGN,1,5.79,0.39,14.8,5.79,2011-11-11 09:05:00,
573585,85071B,RED CHARLIE+LOLA PERSONAL DOORSIGN,1,5.79,0.39,14.8,5.79,2011-10-31 14:41:00,
552702,79030G,TUMBLER NEW ENGLAND,1,5.79,0.39,14.8,5.79,2011-05-10 16:00:00,
575176,85071B,RED CHARLIE+LOLA PERSONAL DOORSIGN,1,5.79,0.39,14.8,5.79,2011-11-08 18:29:00,
551997,79030D,TUMBLER BAROQUE,1,5.79,0.39,14.8,5.79,2011-05-05 15:47:00,
552676,85071A,BLUE CHARLIE+LOLA PERSONAL DOORSIGN,1,5.79,0.39,14.8,5.79,2011-05-10 15:07:00,
551340,79030G,TUMBLER NEW ENGLAND,1,5.79,0.39,14.8,5.79,2011-04-27 17:23:00,
549524,37479B,CUBIC MUG FLOCK BLUE ON BROWN,1,5.79,0.39,14.8,5.79,2011-04-08 15:42:00,
551174,79030G,TUMBLER NEW ENGLAND,1,5.79,0.39,14.8,5.79,2011-04-26 17:02:00,
552234,37327,ASSTD MULTICOLOUR CIRCLES MUG,1,5.79,0.39,14.8,5.79,2011-05-06 16:01:00,
549524,37479P,CUBIC MUG FLOCK PINK ON BROWN,1,5.79,0.39,14.8,5.79,2011-04-08 15:42:00,
551718,79030G,TUMBLER NEW ENGLAND,1,5.79,0.39,14.8,5.79,2011-05-03 16:06:00,
552508,85071B,RED CHARLIE+LOLA PERSONAL DOORSIGN,1,5.79,0.39,14.8,5.79,2011-05-09 16:27:00,
552493,79030G,TUMBLER NEW ENGLAND,1,5.79,0.39,14.8,5.79,2011-05-09 16:21:00,
550470,79030G,TUMBLER NEW ENGLAND,1,5.79,0.39,14.8,5.79,2011-04-18 13:49:00,
552660,85071A,BLUE CHARLIE+LOLA PERSONAL DOORSIGN,1,5.79,0.39,14.8,5.79,2011-05-10 15:03:00,
541878,85071A,BLUE CHARLIE+LOLA PERSONAL DOORSIGN,1,5.79,0.39,14.8,5.79,2011-01-24 10:28:00,
546896,37479P,CUBIC MUG FLOCK PINK ON BROWN,1,5.79,0.39,14.8,5.79,2011-03-17 18:24:00,
541827,37327,ASSTD MULTICOLOUR CIRCLES MUG,1,5.79,0.39,14.8,5.79,2011-01-21 17:05:00,
546896,37479B,CUBIC MUG FLOCK BLUE ON BROWN,1,5.79,0.39,14.8,5.79,2011-03-17 18:24:00,
546306,37479P,CUBIC MUG FLOCK PINK ON BROWN,1,5.79,0.39,14.8,5.79,2011-03-10 16:16:00,
538071,22915,ASSORTED BOTTLE TOP  MAGNETS,1,5.06,0.42,12.0,5.06,2010-12-09 14:09:00,
537434,22915,ASSORTED BOTTLE TOP  MAGNETS,1,5.06,0.42,12.0,5.06,2010-12-06 16:57:00,
536876,22915,ASSORTED BOTTLE TOP  MAGNETS,1,5.06,0.42,12.0,5.06,2010-12-03 11:36:00,
540646,22915,ASSORTED BOTTLE TOP  MAGNETS,1,5.06,0.42,12.0,5.06,2011-01-10 14:32:00,
540551,22915,ASSORTED BOTTLE TOP  MAGNETS,1,5.06,0.42,12.0,5.06,2011-01-10 09:43:00,
537237,22915,ASSORTED BOTTLE TOP  MAGNETS,1,5.06,0.42,12.0,5.06,2010-12-06 09:58:00,
539736,85071C,"CHARLIE+LOLA""EXTREMELY BUSY"" SIGN",1,5.06,0.39,13.0,5.06,2010-12-21 15:18:00,
539631,22915,ASSORTED BOTTLE TOP  MAGNETS,1,5.06,0.42,12.0,5.06,2010-12-20 15:03:00,
536592,22915,ASSORTED BOTTLE TOP  MAGNETS,1,5.06,0.42,12.0,5.06,2010-12-01 17:06:00,
537823,22915,ASSORTED BOTTLE TOP  MAGNETS,1,5.06,0.42,12.0,5.06,2010-12-08 14:25:00,
539451,22915,ASSORTED BOTTLE TOP  MAGNETS,1,5.06,0.42,12.0,5.06,2010-12-17 16:59:00,
539453,22915,ASSORTED BOTTLE TOP  MAGNETS,1,5.06,0.42,12.0,5.06,2010-12-17 17:08:00,
539718,22915,ASSORTED BOTTLE TOP  MAGNETS,1,5.06,0.42,12.0,5.06,2010-12-21 13:06:00,
546888,22915,ASSORTED BOTTLE TOP  MAGNETS,1,4.96,0.42,11.8,4.96,2011-03-17 18:15:00,
562553,85071C,"CHARLIE+LOLA""EXTREMELY BUSY"" SIGN",1,4.96,0.39,12.7,4.96,2011-08-05 16:34:00,
568716,85071C,"CHARLIE+LOLA""EXTREMELY BUSY"" SIGN",1,4.96,0.39,12.7,4.96,2011-09-28 16:13:00,
548893,22915,ASSORTED BOTTLE TOP  MAGNETS,1,4.96,0.42,11.8,4.96,2011-04-04 15:54:00,
550210,85071C,"CHARLIE+LOLA""EXTREMELY BUSY"" SIGN",1,4.96,0.39,12.7,4.96,2011-04-15 10:40:00,
562955,85071C,"CHARLIE+LOLA""EXTREMELY BUSY"" SIGN",1,4.96,0.39,12.7,4.96,2011-08-11 10:14:00,
546007,22915,ASSORTED BOTTLE TOP  MAGNETS,1,4.96,0.42,11.8,4.96,2011-03-08 15:34:00,
546656,85071C,"CHARLIE+LOLA""EXTREMELY BUSY"" SIGN",1,4.96,0.39,12.7,4.96,2011-03-15 14:19:00,
546654,22915,ASSORTED BOTTLE TOP  MAGNETS,1,4.96,0.42,11.8,4.96,2011-03-15 14:18:00,
543985,22915,ASSORTED BOTTLE TOP  MAGNETS,1,4.96,0.42,11.8,4.96,2011-02-15 09:44:00,
550496,22915,ASSORTED BOTTLE TOP  MAGNETS,1,4.96,0.42,11.8,4.96,2011-04-18 15:05:00,
579777,85071C,"CHARLIE+LOLA""EXTREMELY BUSY"" SIGN",1,4.96,0.39,12.7,4.96,2011-11-30 15:13:00,
552229,22915,ASSORTED BOTTLE TOP  MAGNETS,1,4.96,0.42,11.8,4.96,2011-05-06 15:40:00,
547967,22915,ASSORTED BOTTLE TOP  MAGNETS,1,4.96,0.42,11.8,4.96,2011-03-28 15:49:00,
575176,85071D,CHARLIE+LOLA MY ROOM DOOR SIGN,1,4.96,0.39,12.7,4.96,2011-11-08 18:29:00,
555923,22915,ASSORTED BOTTLE TOP  MAGNETS,1,4.96,0.42,11.8,4.96,2011-06-07 17:09:00,
540995,22915,ASSORTED BOTTLE TOP  MAGNETS,1,4.96,0.42,11.8,4.96,2011-01-13 09:30:00,
554514,22915,ASSORTED BOTTLE TOP  MAGNETS,1,4.96,0.42,11.8,4.96,2011-05-24 15:58:00,
556237,85071C,"CHARLIE+LOLA""EXTREMELY BUSY"" SIGN",1,4.96,0.39,12.7,4.96,2011-06-09 15:34:00,
544186,22915,ASSORTED BOTTLE TOP  MAGNETS,1,4.96,0.42,11.8,4.96,2011-02-16 15:56:00,
547248,22915,ASSORTED BOTTLE TOP  MAGNETS,1,4.96,0.42,11.8,4.96,2011-03-22 09:23:00,
559051,85071C,"CHARLIE+LOLA""EXTREMELY BUSY"" SIGN",1,4.96,0.39,12.7,4.96,2011-07-05 16:47:00,
559802,85071C,"CHARLIE+LOLA""EXTREMELY BUSY"" SIGN",1,4.96,0.39,12.7,4.96,2011-07-12 13:48:00,
559816,85071C,"CHARLIE+LOLA""EXTREMELY BUSY"" SIGN",1,4.96,0.39,12.7,4.96,2011-07-12 16:11:00,
551004,85071C,"CHARLIE+LOLA""EXTREMELY BUSY"" SIGN",1,4.96,0.39,12.7,4.96,2011-04-26 09:48:00,
541696,22915,ASSORTED BOTTLE TOP  MAGNETS,1,4.96,0.42,11.8,4.96,2011-01-20 18:08:00,
550210,85071D,CHARLIE+LOLA MY ROOM DOOR SIGN,1,4.96,0.39,12.7,4.96,2011-04-15 10:40:00,
580727,85071C,"CHARLIE+LOLA""EXTREMELY BUSY"" SIGN",1,4.96,0.39,12.7,4.96,2011-12-05 17:17:00,14096
537666,84927D,LA PALMIERA TILE HOOK,1,4.21,0.39,10.8,4.21,2010-12-07 18:36:00,
539434,21398,RED POLKADOT COFFEE  MUG,1,4.21,0.39,10.8,4.21,2010-12-17 14:41:00,
539740,47518F,ICON PLACEMAT POP ART ELVIS,1,4.21,0.12,35.1,4.21,2010-12-21 15:20:00,
537666,21398,RED POLKADOT COFFEE  MUG,1,4.21,0.39,10.8,4.21,2010-12-07 18:36:00,
538349,21398,RED POLKADOT COFFEE  MUG,1,4.21,0.39,10.8,4.21,2010-12-10 14:59:00,
539437,35933,PINK STOCKING CHRISTMAS DECORATION,1,4.21,0.38,11.1,4.21,2010-12-17 14:54:00,
536876,84927F,PSYCHEDELIC TILE HOOK,1,4.21,0.39,10.8,4.21,2010-12-03 11:36:00,
572758,84927F,PSYCHEDELIC TILE HOOK,1,4.13,0.39,10.6,4.13,2011-10-25 18:39:00,
572897,47518F,ICON PLACEMAT POP ART ELVIS,1,4.13,0.12,34.4,4.13,2011-10-26 14:42:00,
569415,47518F,ICON PLACEMAT POP ART ELVIS,1,4.13,0.12,34.4,4.13,2011-10-04 10:14:00,
541811,47518F,ICON PLACEMAT POP ART ELVIS,1,4.13,0.12,34.4,4.13,2011-01-21 15:01:00,
555397,84927D,LA PALMIERA TILE HOOK,1,4.13,0.39,10.6,4.13,2011-06-02 17:26:00,
552702,84927D,LA PALMIERA TILE HOOK,1,4.13,0.39,10.6,4.13,2011-05-10 16:00:00,
541695,21398,RED POLKADOT COFFEE  MUG,1,4.13,0.39,10.6,4.13,2011-01-20 18:01:00,
542622,21394,RED POLKADOT BEAKER,1,4.13,0.39,10.6,4.13,2011-01-31 09:09:00,
565841,84927F,PSYCHEDELIC TILE HOOK,1,4.13,0.39,10.6,4.13,2011-09-07 12:04:00,
543097,21398,RED POLKADOT COFFEE  MUG,1,4.13,0.39,10.6,4.13,2011-02-03 11:41:00,
543097,21399,BLUE POLKADOT COFFEE MUG,1,4.13,0.39,10.6,4.13,2011-02-03 11:41:00,
543450,47518F,ICON PLACEMAT POP ART ELVIS,1,4.13,0.12,34.4,4.13,2011-02-08 12:12:00,
561218,84927F,PSYCHEDELIC TILE HOOK,1,4.13,0.39,10.6,4.13,2011-07-25 17:11:00,
548894,16216,LETTER SHAPE PENCIL SHARPENER,3,1.25,0.06,20.8,3.75,2011-04-04 16:01:00,
539436,35954,SMALL FOLKART STAR CHRISTMAS DEC,1,3.36,0.31,10.8,3.36,2010-12-17 14:49:00,
537666,21306,SET/4 DAISY MIRROR MAGNETS,1,3.36,0.29,11.6,3.36,2010-12-07 18:36:00,
536876,35954,SMALL FOLKART STAR CHRISTMAS DEC,1,3.36,0.31,10.8,3.36,2010-12-03 11:36:00,
539437,35954,SMALL FOLKART STAR CHRISTMAS DEC,1,3.36,0.31,10.8,3.36,2010-12-17 14:54:00,
537666,35954,SMALL FOLKART STAR CHRISTMAS DEC,1,3.36,0.31,10.8,3.36,2010-12-07 18:36:00,
540977,35954,SMALL FOLKART STAR CHRISTMAS DEC,1,3.36,0.31,10.8,3.36,2011-01-12 15:01:00,
538349,21306,SET/4 DAISY MIRROR MAGNETS,1,3.36,0.29,11.6,3.36,2010-12-10 14:59:00,
538349,35954,SMALL FOLKART STAR CHRISTMAS DEC,1,3.36,0.31,10.8,3.36,2010-12-10 14:59:00,
538880,21311,SET/4 BIRD MIRROR MAGNETS,1,3.36,0.29,11.6,3.36,2010-12-14 15:52:00,
540821,35954,SMALL FOLKART STAR CHRISTMAS DEC,1,3.36,0.31,10.8,3.36,2011-01-11 13:16:00,
576618,21306,SET/4 DAISY MIRROR MAGNETS,1,3.29,0.29,11.3,3.29,2011-11-15 17:00:00,
547249,21306,SET/4 DAISY MIRROR MAGNETS,1,3.29,0.29,11.3,3.29,2011-03-22 09:27:00,
557112,21311,SET/4 BIRD MIRROR MAGNETS,1,3.29,0.29,11.3,3.29,2011-06-16 16:31:00,
541219,35954,SMALL FOLKART STAR CHRISTMAS DEC,1,3.29,0.31,10.6,3.29,2011-01-14 14:06:00,
565847,21306,SET/4 DAISY MIRROR MAGNETS,1,3.29,0.29,11.3,3.29,2011-09-07 12:44:00,
564857,21306,SET/4 DAISY MIRROR MAGNETS,1,3.29,0.29,11.3,3.29,2011-08-31 09:23:00,
563193,21311,SET/4 BIRD MIRROR MAGNETS,1,3.29,0.29,11.3,3.29,2011-08-12 16:30:00,
562955,21311,SET/4 BIRD MIRROR MAGNETS,1,3.29,0.29,11.3,3.29,2011-08-11 10:14:00,
562553,21311,SET/4 BIRD MIRROR MAGNETS,1,3.29,0.29,11.3,3.29,2011-08-05 16:34:00,
555924,21306,SET/4 DAISY MIRROR MAGNETS,1,3.29,0.29,11.3,3.29,2011-06-07 17:12:00,
569415,21306,SET/4 DAISY MIRROR MAGNETS,1,3.29,0.29,11.3,3.29,2011-10-04 10:14:00,
561515,21311,SET/4 BIRD MIRROR MAGNETS,1,3.29,0.29,11.3,3.29,2011-07-27 15:16:00,
561513,21311,SET/4 BIRD MIRROR MAGNETS,1,3.29,0.29,11.3,3.29,2011-07-27 15:12:00,
537666,16218,CARTOON  PENCIL SHARPENERS,1,2.13,0.06,35.5,2.13,2010-12-07 18:36:00,
537237,16218,CARTOON  PENCIL SHARPENERS,1,2.13,0.06,35.5,2.13,2010-12-06 09:58:00,
536876,16218,CARTOON  PENCIL SHARPENERS,1,2.13,0.06,35.5,2.13,2010-12-03 11:36:00,
555276,16218,CARTOON  PENCIL SHARPENERS,1,2.08,0.06,34.7,2.08,2011-06-01 17:28:00,
548516,16218,CARTOON  PENCIL SHARPENERS,1,2.08,0.06,34.7,2.08,2011-03-31 16:28:00,
542906,16216,LETTER SHAPE PENCIL SHARPENER,1,1.25,0.06,20.8,1.25,2011-02-01 15:12:00,
