stock_code,description,total_revenue_before,rank_before,total_revenue_after,rank_after,basis
22423,REGENCY CAKESTAND 3 TIER,170216.63999999998,1,170216.63999999998,1,"stock_code only (sku_profile_classification.csv, before and after)"
85123A,WHITE HANGING HEART T-LIGHT HOLDER,99941.43,2,99941.43,2,"stock_code only (sku_profile_classification.csv, before and after)"
47566,PARTY BUNTING,98610.18,3,98610.18,3,"stock_code only (sku_profile_classification.csv, before and after)"
85099B,JUMBO BAG RED RETROSPOT,92601.23,4,92601.23,4,"stock_code only (sku_profile_classification.csv, before and after)"
23084,RABBIT NIGHT LIGHT,66807.63,5,66807.63,5,"stock_code only (sku_profile_classification.csv, before and after)"
22086,PAPER CHAIN KIT 50'S CHRISTMAS,63834.94,6,63834.94,6,"stock_code only (sku_profile_classification.csv, before and after)"
84879,ASSORTED COLOUR BIRD ORNAMENT,58878.61,7,58878.61,7,"stock_code only (sku_profile_classification.csv, before and after)"
79321,CHILLI LIGHTS,53761.61,8,53761.61,8,"stock_code only (sku_profile_classification.csv, before and after)"
22197,POPCORN HOLDER,51171.77,9,51171.77,9,"stock_code only (sku_profile_classification.csv, before and after)"
23298,SPOTTY BUNTING,43113.53,10,43113.53,10,"stock_code only (sku_profile_classification.csv, before and after)"
22386,JUMBO BAG PINK POLKADOT,41607.39,11,41607.39,11,"stock_code only (sku_profile_classification.csv, before and after)"
23203,JUMBO BAG VINTAGE DOILY,41413.86,12,41413.86,12,"stock_code only (sku_profile_classification.csv, before and after)"
21137,BLACK RECORD COVER FRAME,40588.380000000005,13,40588.380000000005,13,"stock_code only (sku_profile_classification.csv, before and after)"
22720,SET OF 3 CAKE TINS PANTRY DESIGN,37985.14,14,37985.14,14,"stock_code only (sku_profile_classification.csv, before and after)"
22960,JAM MAKING SET WITH JARS,36755.88,15,36755.88,15,"stock_code only (sku_profile_classification.csv, before and after)"
23284,DOORMAT KEEP CALM AND COME IN,36580.84,16,36580.84,16,"stock_code only (sku_profile_classification.csv, before and after)"
82484,WOOD BLACK BOARD ANT WHITE FINISH,35871.520000000004,17,35871.520000000004,17,"stock_code only (sku_profile_classification.csv, before and after)"
20725,LUNCH BAG RED RETROSPOT,35246.06,18,35246.06,18,"stock_code only (sku_profile_classification.csv, before and after)"
22178,VICTORIAN GLASS HANGING T-LIGHT,32950.92,19,32950.92,19,"stock_code only (sku_profile_classification.csv, before and after)"
22114,HOT WATER BOTTLE TEA AND SYMPATHY,32851.840000000004,20,32851.840000000004,20,"stock_code only (sku_profile_classification.csv, before and after)"
