comparison,area,metric,before,after,change,change_pct
reports/baseline_end_phase1 -> reports/baseline_end_phase3a,sales,valid_product_sales_rows,519627.0,519627.0,0.0,0.0
reports/baseline_end_phase1 -> reports/baseline_end_phase3a,sales,total_revenue,9818872.18,9818872.18,0.0,0.0
reports/baseline_end_phase1 -> reports/baseline_end_phase3a,sales,total_units,5337158.0,5337158.0,0.0,0.0
reports/baseline_end_phase1 -> reports/baseline_end_phase3a,sales,order_count,19646.0,19646.0,0.0,0.0
reports/baseline_end_phase1 -> reports/baseline_end_phase3a,sales,sku_count,3790.0,3790.0,0.0,0.0
reports/baseline_end_phase1 -> reports/baseline_end_phase3a,sales,non_product_rows_excluded,2435.0,2435.0,0.0,0.0
reports/baseline_end_phase1 -> reports/baseline_end_phase3a,demand,median avg_monthly_units,45.1538,38.0417,-7.112099999999998,-0.1575
reports/baseline_end_phase1 -> reports/baseline_end_phase3a,demand,median demand_cv,0.7701,1.0144,0.24429999999999996,0.3172
reports/baseline_end_phase1 -> reports/baseline_end_phase3a,sku_class,High-Revenue Priority | sku_count,758.0,758.0,0.0,0.0
reports/baseline_end_phase1 -> reports/baseline_end_phase3a,sku_class,High-Revenue Priority | revenue_share,0.7777,0.7777,0.0,0.0
reports/baseline_end_phase1 -> reports/baseline_end_phase3a,sku_class,Regular | sku_count,1631.0,1631.0,0.0,0.0
reports/baseline_end_phase1 -> reports/baseline_end_phase3a,sku_class,Regular | revenue_share,0.1622,0.1622,0.0,0.0
reports/baseline_end_phase1 -> reports/baseline_end_phase3a,sku_class,High-Turnover Stable | sku_count,201.0,182.0,-19.0,-0.0945
reports/baseline_end_phase1 -> reports/baseline_end_phase3a,sku_class,High-Turnover Stable | revenue_share,0.0358,0.0332,-0.002599999999999998,-0.0726
reports/baseline_end_phase1 -> reports/baseline_end_phase3a,sku_class,Long-Tail | sku_count,1133.0,1133.0,0.0,0.0
reports/baseline_end_phase1 -> reports/baseline_end_phase3a,sku_class,Long-Tail | revenue_share,0.0147,0.0147,0.0,0.0
reports/baseline_end_phase1 -> reports/baseline_end_phase3a,sku_class,High-Turnover Volatile | sku_count,67.0,86.0,19.0,0.2836
reports/baseline_end_phase1 -> reports/baseline_end_phase3a,sku_class,High-Turnover Volatile | revenue_share,0.0097,0.0123,0.0026,0.268
reports/baseline_end_phase1 -> reports/baseline_end_phase3a,simulated_inventory,stockout_risk_sku_count,1439.0,1326.0,-113.0,-0.0785
reports/baseline_end_phase1 -> reports/baseline_end_phase3a,simulated_inventory,overstock_risk_sku_count,842.0,1086.0,244.0,0.2898
reports/baseline_end_phase1 -> reports/baseline_end_phase3a,simulated_inventory,replenishment_recommendation_count,1439.0,1326.0,-113.0,-0.0785
reports/baseline_end_phase1 -> reports/baseline_end_phase3a,simulated_working_capital_gbp,total_estimated_inventory_value,663706.48,637918.62,-25787.859999999986,-0.0389
reports/baseline_end_phase1 -> reports/baseline_end_phase3a,simulated_working_capital_gbp,stockout_revenue_exposure,549965.11,563830.24,13865.130000000005,0.0252
reports/baseline_end_phase1 -> reports/baseline_end_phase3a,simulated_working_capital_gbp,overstock_capital_exposure,110907.87,135218.48,24310.610000000015,0.2192
reports/baseline_end_phase1 -> reports/baseline_end_phase3a,reversals,revenue_removed | full_cancellation,387988.81,387988.81,0.0,0.0
reports/baseline_end_phase1 -> reports/baseline_end_phase3a,reversals,revenue_removed | manual_credit,38970.0,38970.0,0.0,0.0
