stock_code,description,sku_class,warehouse_strategy,avg_monthly_units,current_inventory,reorder_point,recommended_replenishment_qty,avg_unit_price,stockout_revenue_exposure
22423,REGENCY CAKESTAND 3 TIER,High-Revenue Priority,Local Warehouse Priority,1038.8461538461538,183,976.0,793.0,14.089824857092234,11173.23
23298,SPOTTY BUNTING,High-Revenue Priority,Local Warehouse Priority,1057.375,109,1456.0,1347.0,5.652393449396871,7613.77
82484,WOOD BLACK BOARD ANT WHITE FINISH,High-Revenue Priority,Local Warehouse Priority,461.2307692307692,156,972.0,816.0,8.411461682648305,6863.75
22112,CHOCOLATE HOT WATER BOTTLE,High-Revenue Priority,Local Warehouse Priority,461.0,60,1052.0,992.0,6.747914205186385,6693.93
23382,BOX OF 6 CHRISTMAS CAKE DECORATIONS,High-Revenue Priority,Local Warehouse Priority,621.0,80,1254.0,1174.0,4.763935551294235,5592.86
23344,JUMBO BAG 50'S CHRISTMAS,High-Revenue Priority,Local Warehouse Priority,1432.142857142857,63,2127.0,2064.0,2.6110981655702603,5389.31
85099B,JUMBO BAG RED RETROSPOT,High-Revenue Priority,Local Warehouse Priority,3653.076923076923,186,2297.0,2111.0,2.5053146017252104,5288.72
23203,JUMBO BAG VINTAGE DOILY,High-Revenue Priority,Local Warehouse Priority,2518.0,85,2396.0,2311.0,2.2859531541864104,5282.84
85123A,WHITE HANGING HEART T-LIGHT HOLDER,High-Revenue Priority,Local Warehouse Priority,2723.769230769231,176,1726.0,1550.0,3.2300837102101885,5006.63
23243,SET OF TEA COFFEE SUGAR TINS PANTRY,High-Revenue Priority,Local Warehouse Priority,681.0,235,1014.0,779.0,6.055910359279919,4717.55
23534,WALL ART STOP FOR TEA,High-Revenue Priority,Local Warehouse Priority,461.3333333333333,66,659.0,593.0,7.887431566613482,4677.25
47566,PARTY BUNTING,High-Revenue Priority,Local Warehouse Priority,1391.5384615384614,171,930.0,759.0,5.976796414001489,4536.39
22197,POPCORN HOLDER,High-Revenue Priority,Local Warehouse Priority,4359.692307692308,108,4338.0,4230.0,1.0496664549963812,4440.09
21175,GIN + TONIC DIET METAL SIGN,High-Revenue Priority,Local Warehouse Priority,783.3076923076923,109,1704.0,1595.0,2.768198170787236,4415.28
84946,ANTIQUE SILVER T-LIGHT GLASS,High-Revenue Priority,Local Warehouse Priority,1458.2307692307693,207,2984.0,2777.0,1.5496434272820363,4303.36
15036,ASSORTED COLOURS SILK FAN,High-Revenue Priority,Local Warehouse Priority,1830.923076923077,150,3978.0,3828.0,1.0978244100046124,4202.47
23201,JUMBO BAG ALPHABET,High-Revenue Priority,Local Warehouse Priority,1436.0,250,1932.0,1682.0,2.403484058569189,4042.66
22910,PAPER CHAIN KIT VINTAGE CHRISTMAS,High-Revenue Priority,Local Warehouse Priority,792.9230769230769,168,1271.0,1103.0,3.56966594729813,3937.34
22086,PAPER CHAIN KIT 50'S CHRISTMAS,High-Revenue Priority,Local Warehouse Priority,1455.5384615384614,139,1110.0,971.0,4.022865523588113,3906.2
21621,VINTAGE UNION JACK BUNTING,High-Revenue Priority,Local Warehouse Priority,212.23076923076923,80,462.0,382.0,9.768382704104878,3731.52
22090,PAPER BUNTING RETROSPOT,High-Revenue Priority,Local Warehouse Priority,576.3846153846154,243,1226.0,983.0,3.7900087692941153,3725.58
22114,HOT WATER BOTTLE TEA AND SYMPATHY,High-Revenue Priority,Local Warehouse Priority,634.2222222222222,36,670.0,634.0,5.606790900445069,3554.71
23084,RABBIT NIGHT LIGHT,High-Revenue Priority,Local Warehouse Priority,3838.625,106,1408.0,1302.0,2.6945072177478613,3508.25
22960,JAM MAKING SET WITH JARS,High-Revenue Priority,Local Warehouse Priority,662.6153846153846,257,886.0,629.0,5.107753965530691,3212.78
23319,BOX OF 6 MINI 50'S CRACKERS,High-Revenue Priority,Local Warehouse Priority,604.0,145,1327.0,1182.0,2.621988605427766,3099.19
