invoice_month,first_date,last_date,is_truncated_month
2010-12,2010-12-01,2010-12-23,False
2011-01,2011-01-04,2011-01-31,False
2011-02,2011-02-01,2011-02-28,False
2011-03,2011-03-01,2011-03-31,False
2011-04,2011-04-01,2011-04-28,False
2011-05,2011-05-01,2011-05-31,False
2011-06,2011-06-01,2011-06-30,False
2011-07,2011-07-01,2011-07-31,False
2011-08,2011-08-01,2011-08-31,False
2011-09,2011-09-01,2011-09-30,False
2011-10,2011-10-02,2011-10-31,False
2011-11,2011-11-01,2011-11-30,False
2011-12,2011-12-01,2011-12-09,True
