invoice_month,total_units,total_revenue,order_count,unique_skus,is_truncated_month
2010-12,354146,766919.88,1542,2722,0
2011-01,301035,564721.03,1073,2520,0
2011-02,281628,504714.91,1088,2338,0
2011-03,372793,682308.56,1431,2447,0
2011-04,305597,509519.19,1225,2406,0
2011-05,390912,732622.54,1652,2404,0
2011-06,381741,689575.43,1509,2575,0
2011-07,396147,682364.81,1445,2631,0
2011-08,416249,714989.46,1336,2545,0
2011-09,564889,1017521.14,1807,2661,0
2011-10,601285,1069899.45,1987,2795,0
2011-11,739632,1438739.68,2740,2886,0
2011-12,231104,444976.1,811,2430,1
