stock_code,description,sku_class,avg_monthly_units,current_inventory,supplier_lead_time_days,service_level,safety_stock,reorder_point,economic_order_qty,recommended_replenishment_qty,inventory_risk,warehouse_strategy
22616,PACK OF 12 LONDON TISSUES,High-Revenue Priority,2123.6666666666665,0,7,0.98,866.0,1362.0,5322.0,5322.0,Stockout Risk,Local Warehouse Priority
17003,BROCADE RING PURSE,High-Revenue Priority,1893.5833333333333,182,7,0.98,998.0,1440.0,5025.0,5025.0,Stockout Risk,Local Warehouse Priority
21212,PACK OF 72 RETROSPOT CAKE CASES,High-Revenue Priority,2980.75,6174,45,0.98,1790.0,6262.0,3821.0,3821.0,Stockout Risk,Local Warehouse Priority
22492,MINI PAINT SET VINTAGE,High-Revenue Priority,2183.0833333333335,1710,14,0.98,1151.0,2170.0,3413.0,3413.0,Stockout Risk,Local Warehouse Priority
22151,PLACE SETTING WHITE HEART,High-Revenue Priority,1196.5833333333333,1732,21,0.98,899.0,1737.0,3044.0,3044.0,Stockout Risk,Local Warehouse Priority
23230,WRAP ALPHABET DESIGN,High-Revenue Priority,711.4545454545455,875,21,0.98,505.0,1004.0,2922.0,2922.0,Stockout Risk,Local Warehouse Priority
21975,PACK OF 60 DINOSAUR CAKE CASES,High-Revenue Priority,1015.1666666666666,985,21,0.98,772.0,1483.0,2850.0,2850.0,Stockout Risk,Local Warehouse Priority
21498,RED RETROSPOT WRAP,High-Revenue Priority,841.75,590,14,0.98,376.0,769.0,2843.0,2843.0,Stockout Risk,Local Warehouse Priority
22952,60 CAKE CASES VINTAGE CHRISTMAS,High-Revenue Priority,1253.5,1319,7,0.98,1686.0,1979.0,2709.0,2709.0,Stockout Risk,Local Warehouse Priority
84879,ASSORTED COLOUR BIRD ORNAMENT,High-Revenue Priority,2916.9166666666665,2993,14,0.98,2114.0,3476.0,2660.0,2660.0,Stockout Risk,Local Warehouse Priority
23295,SET OF 12 MINI LOAF BAKING CASES,High-Revenue Priority,1184.2,387,14,0.98,324.0,877.0,2409.0,2409.0,Stockout Risk,Local Warehouse Priority
20719,WOODLAND CHARLOTTE BAG,High-Revenue Priority,1057.5833333333333,2192,45,0.98,750.0,2337.0,2324.0,2324.0,Stockout Risk,Local Warehouse Priority
23503,PLAYING CARDS KEEP CALM & CARRY ON,High-Revenue Priority,1142.0,486,7,0.98,338.0,605.0,2233.0,2233.0,Stockout Risk,Local Warehouse Priority
71459,HANGING JAM JAR T-LIGHT HOLDER,High-Revenue Priority,1118.0833333333333,720,14,0.98,665.0,1187.0,2133.0,2133.0,Stockout Risk,Local Warehouse Priority
23581,JUMBO BAG PAISLEY PARK,High-Revenue Priority,2105.5,4869,30,0.98,2770.0,4876.0,2106.0,2106.0,Stockout Risk,Local Warehouse Priority
23353,6 GIFT TAGS VINTAGE CHRISTMAS,High-Revenue Priority,941.5,828,14,0.98,616.0,1056.0,2105.0,2105.0,Stockout Risk,Local Warehouse Priority
22993,SET OF 4 PANTRY JELLY MOULDS,High-Revenue Priority,1209.9,1210,21,0.98,548.0,1395.0,2067.0,2067.0,Stockout Risk,Local Warehouse Priority
23199,JUMBO BAG APPLES,High-Revenue Priority,1755.75,3989,45,0.98,1612.0,4246.0,1958.0,1958.0,Stockout Risk,Local Warehouse Priority
85099F,JUMBO BAG STRAWBERRY,High-Revenue Priority,1396.5,592,7,0.98,729.0,1055.0,1869.0,1869.0,Stockout Risk,Local Warehouse Priority
84970S,HANGING HEART ZINC T-LIGHT HOLDER,High-Revenue Priority,730.5,210,7,0.98,300.0,471.0,1855.0,1855.0,Stockout Risk,Local Warehouse Priority
23286,BLUE VINTAGE SPOT BEAKER,High-Revenue Priority,835.8333333333334,1019,14,0.98,988.0,1379.0,1799.0,1799.0,Stockout Risk,Local Warehouse Priority
23206,LUNCH BAG APPLE DESIGN,High-Revenue Priority,1488.25,2751,45,0.98,805.0,3038.0,1748.0,1748.0,Stockout Risk,Local Warehouse Priority
22988,SOLDIERS EGG CUP,High-Revenue Priority,714.0,1335,30,0.98,757.0,1471.0,1734.0,1734.0,Stockout Risk,Local Warehouse Priority
21232,STRAWBERRY CERAMIC TRINKET BOX,High-Revenue Priority,932.3333333333334,751,14,0.98,480.0,916.0,1705.0,1705.0,Stockout Risk,Local Warehouse Priority
20728,LUNCH BAG CARS BLUE,High-Revenue Priority,968.5833333333334,932,21,0.98,629.0,1308.0,1608.0,1608.0,Stockout Risk,Local Warehouse Priority
22595,GINGHAM HEART DECORATION,High-Revenue Priority,557.5833333333334,953,14,0.98,998.0,1259.0,1589.0,1589.0,Stockout Risk,Local Warehouse Priority
23170,REGENCY TEA PLATE ROSES,High-Revenue Priority,945.5714285714286,691,14,0.98,718.0,1160.0,1580.0,1580.0,Stockout Risk,Local Warehouse Priority
21791,VINTAGE HEADS AND TAILS CARD GAME,High-Revenue Priority,619.5833333333334,701,21,0.98,717.0,1151.0,1575.0,1575.0,Stockout Risk,Local Warehouse Priority
23344,JUMBO BAG 50'S CHRISTMAS,High-Revenue Priority,1491.6666666666667,3100,21,0.98,2517.0,3562.0,1572.0,1572.0,Stockout Risk,Local Warehouse Priority
21914,BLUE HARMONICA IN BOX,High-Revenue Priority,615.5,1099,21,0.98,681.0,1112.0,1557.0,1557.0,Stockout Risk,Local Warehouse Priority
22418,10 COLOUR SPACEBOY PEN,High-Revenue Priority,525.0,334,21,0.98,363.0,731.0,1542.0,1542.0,Stockout Risk,Local Warehouse Priority
23349,ROLL WRAP VINTAGE CHRISTMAS,High-Revenue Priority,733.0,1157,21,0.98,791.0,1305.0,1542.0,1542.0,Stockout Risk,Local Warehouse Priority
21121,SET/10 RED POLKADOT PARTY CANDLES,High-Revenue Priority,537.4166666666666,606,14,0.98,413.0,664.0,1532.0,1532.0,Stockout Risk,Local Warehouse Priority
23171,REGENCY TEA PLATE GREEN,High-Revenue Priority,863.5714285714286,1327,21,0.98,1029.0,1634.0,1518.0,1518.0,Stockout Risk,Local Warehouse Priority
20972,PINK CREAM FELT CRAFT TRINKET BOX,High-Revenue Priority,593.0833333333334,244,7,0.98,266.0,405.0,1504.0,1504.0,Stockout Risk,Local Warehouse Priority
22661,CHARLOTTE BAG DOLLY GIRL DESIGN,High-Revenue Priority,424.0,177,14,0.98,229.0,427.0,1457.0,1457.0,Stockout Risk,Local Warehouse Priority
23343,JUMBO BAG VINTAGE CHRISTMAS,High-Revenue Priority,840.1666666666666,2143,30,0.98,1660.0,2501.0,1435.0,1435.0,Stockout Risk,Local Warehouse Priority
20973,12 PENCIL SMALL TUBE WOODLAND,High-Revenue Priority,351.0833333333333,511,7,0.98,448.0,530.0,1417.0,1417.0,Stockout Risk,Local Warehouse Priority
22556,PLASTERS IN TIN CIRCUS PARADE,High-Revenue Priority,487.4166666666667,317,21,0.98,280.0,622.0,1374.0,1374.0,Stockout Risk,Local Warehouse Priority
21166,COOK WITH WINE METAL SIGN,High-Revenue Priority,783.0,1548,30,0.98,1092.0,1875.0,1365.0,1365.0,Stockout Risk,Local Warehouse Priority
22383,LUNCH BAG SUKI DESIGN,High-Revenue Priority,1020.4166666666666,460,7,0.98,359.0,598.0,1352.0,1352.0,Stockout Risk,Local Warehouse Priority
22962,JAM JAR WITH PINK LID,High-Revenue Priority,320.5,125,14,0.98,253.0,403.0,1323.0,1323.0,Stockout Risk,Local Warehouse Priority
20726,LUNCH BAG WOODLAND,High-Revenue Priority,804.3333333333334,1012,30,0.98,598.0,1403.0,1308.0,1308.0,Stockout Risk,Local Warehouse Priority
22147,FELTCRAFT BUTTERFLY HEARTS,High-Revenue Priority,445.0,1316,45,0.98,930.0,1598.0,1273.0,1273.0,Stockout Risk,Local Warehouse Priority
75049L,LARGE CIRCULAR MIRROR MOBILE,High-Revenue Priority,591.0,462,7,0.98,422.0,560.0,1256.0,1256.0,Stockout Risk,Local Warehouse Priority
23103,JINGLE BELL HEART DECORATION,High-Revenue Priority,550.0,380,7,0.98,366.0,495.0,1254.0,1254.0,Stockout Risk,Local Warehouse Priority
23035,DRAWER KNOB CERAMIC IVORY,High-Revenue Priority,344.8333333333333,301,21,0.98,153.0,395.0,1185.0,1185.0,Stockout Risk,Local Warehouse Priority
22470,HEART OF WICKER LARGE,High-Revenue Priority,814.75,626,7,0.98,577.0,768.0,1127.0,1127.0,Stockout Risk,Local Warehouse Priority
20718,RED RETROSPOT SHOPPER BAG,High-Revenue Priority,369.6666666666667,437,21,0.98,207.0,466.0,1081.0,1081.0,Stockout Risk,Local Warehouse Priority
22666,RECIPE BOX PANTRY YELLOW DESIGN,High-Revenue Priority,644.5833333333334,548,14,0.98,468.0,769.0,1067.0,1067.0,Stockout Risk,Local Warehouse Priority
22699,ROSES REGENCY TEACUP AND SAUCER,High-Revenue Priority,779.9166666666666,1125,30,0.98,633.0,1413.0,1026.0,1026.0,Stockout Risk,Local Warehouse Priority
22662,LUNCH BAG DOLLY GIRL DESIGN,High-Revenue Priority,553.0833333333334,1191,45,0.98,601.0,1431.0,1019.0,1019.0,Stockout Risk,Local Warehouse Priority
22992,REVOLVER WOODEN RULER,High-Revenue Priority,482.7,556,14,0.98,458.0,684.0,1009.0,1009.0,Stockout Risk,Local Warehouse Priority
21877,HOME SWEET HOME MUG,High-Revenue Priority,361.5,685,21,0.98,572.0,826.0,982.0,982.0,Stockout Risk,Local Warehouse Priority
21137,BLACK RECORD COVER FRAME,High-Revenue Priority,838.75,1292,14,0.98,956.0,1348.0,934.0,934.0,Stockout Risk,Local Warehouse Priority
23165,LARGE CERAMIC TOP STORAGE JAR,High-Revenue Priority,406.2857142857143,395,30,0.98,245.0,652.0,910.0,910.0,Stockout Risk,Local Warehouse Priority
22467,GUMBALL COAT RACK,High-Revenue Priority,630.5,728,21,0.98,452.0,894.0,902.0,902.0,Stockout Risk,Local Warehouse Priority
21673,WHITE SPOT BLUE CERAMIC DRAWER KNOB,High-Revenue Priority,357.1666666666667,290,14,0.98,193.0,360.0,883.0,883.0,Stockout Risk,Local Warehouse Priority
20914,SET/5 RED RETROSPOT LID GLASS BOWLS,High-Revenue Priority,514.0,258,14,0.98,244.0,484.0,868.0,868.0,Stockout Risk,Local Warehouse Priority
85049E,SCANDINAVIAN REDS RIBBONS,High-Revenue Priority,240.08333333333337,646,30,0.98,416.0,657.0,824.0,824.0,Stockout Risk,Local Warehouse Priority
22772,PINK DRAWER KNOB ACRYLIC EDWARDIAN,High-Revenue Priority,313.0,443,30,0.98,291.0,604.0,823.0,823.0,Stockout Risk,Local Warehouse Priority
22698,PINK REGENCY TEACUP AND SAUCER,High-Revenue Priority,455.5,174,7,0.98,239.0,346.0,822.0,822.0,Stockout Risk,Local Warehouse Priority
20677,PINK POLKADOT BOWL,High-Revenue Priority,293.75,201,14,0.98,138.0,276.0,820.0,820.0,Stockout Risk,Local Warehouse Priority
47556B,TEA TIME TEA TOWELS,High-Revenue Priority,236.36363636363637,672,14,0.98,738.0,849.0,817.0,817.0,Stockout Risk,Local Warehouse Priority
22493,PAINT YOUR OWN CANVAS SET,High-Revenue Priority,196.83333333333337,299,14,0.98,288.0,380.0,805.0,805.0,Stockout Risk,Local Warehouse Priority
22090,PAPER BUNTING RETROSPOT,High-Revenue Priority,615.25,954,21,0.98,649.0,1080.0,793.0,793.0,Stockout Risk,Local Warehouse Priority
23154,SET OF 4 JAM JAR MAGNETS,High-Revenue Priority,277.3333333333333,276,21,0.98,163.0,358.0,793.0,793.0,Stockout Risk,Local Warehouse Priority
22728,ALARM CLOCK BAKELIKE PINK,High-Revenue Priority,427.9166666666667,923,30,0.98,623.0,1051.0,778.0,778.0,Stockout Risk,Local Warehouse Priority
22567,20 DOLLY PEGS RETROSPOT,High-Revenue Priority,200.16666666666663,168,14,0.98,288.0,382.0,775.0,775.0,Stockout Risk,Local Warehouse Priority
35970,ZINC FOLKART SLEIGH BELLS,High-Revenue Priority,383.9166666666667,2066,45,0.98,1591.0,2167.0,752.0,752.0,Stockout Risk,Local Warehouse Priority
23313,VINTAGE CHRISTMAS BUNTING,High-Revenue Priority,528.4,552,7,0.98,444.0,568.0,746.0,746.0,Stockout Risk,Local Warehouse Priority
22938,CUPCAKE LACE PAPER SET 6,High-Revenue Priority,193.91666666666663,164,14,0.98,148.0,239.0,732.0,732.0,Stockout Risk,Local Warehouse Priority
22150,3 STRIPEY MICE FELTCRAFT,High-Revenue Priority,232.91666666666663,152,21,0.98,182.0,346.0,720.0,720.0,Stockout Risk,Local Warehouse Priority
22466,FAIRY TALE COTTAGE NIGHT LIGHT,High-Revenue Priority,248.0,800,30,0.98,558.0,806.0,702.0,702.0,Stockout Risk,Local Warehouse Priority
22726,ALARM CLOCK BAKELIKE GREEN,High-Revenue Priority,502.0,469,14,0.98,433.0,668.0,689.0,689.0,Stockout Risk,Local Warehouse Priority
22720,SET OF 3 CAKE TINS PANTRY DESIGN,High-Revenue Priority,607.4166666666666,1223,30,0.98,762.0,1370.0,677.0,677.0,Stockout Risk,Local Warehouse Priority
22381,TOY TIDY PINK POLKADOT,High-Revenue Priority,280.1666666666667,204,14,0.98,207.0,338.0,672.0,672.0,Stockout Risk,Local Warehouse Priority
23569,TRADTIONAL ALPHABET STAMP SET,High-Revenue Priority,348.0,542,14,0.98,415.0,578.0,667.0,667.0,Stockout Risk,Local Warehouse Priority
22082,RIBBON REEL STRIPES DESIGN,High-Revenue Priority,212.16666666666663,87,14,0.98,133.0,233.0,644.0,644.0,Stockout Risk,Local Warehouse Priority
22637,PIGGY BANK RETROSPOT,High-Revenue Priority,229.83333333333337,358,14,0.98,348.0,456.0,642.0,642.0,Stockout Risk,Local Warehouse Priority
84997B,CHILDRENS CUTLERY RETROSPOT RED,High-Revenue Priority,370.25,356,14,0.98,273.0,446.0,633.0,633.0,Stockout Risk,Local Warehouse Priority
22352,LUNCH BOX WITH CUTLERY RETROSPOT,High-Revenue Priority,253.66666666666663,116,14,0.98,146.0,265.0,631.0,631.0,Stockout Risk,Local Warehouse Priority
21907,I'M ON HOLIDAY METAL SIGN,High-Revenue Priority,190.16666666666663,308,30,0.98,194.0,385.0,625.0,625.0,Stockout Risk,Local Warehouse Priority
22195,LARGE HEART MEASURING SPOONS,High-Revenue Priority,157.0,57,14,0.98,128.0,202.0,621.0,621.0,Stockout Risk,Local Warehouse Priority
21244,BLUE POLKADOT PLATE,High-Revenue Priority,189.58333333333337,287,21,0.98,240.0,373.0,611.0,611.0,Stockout Risk,Local Warehouse Priority
22139,RETROSPOT TEA SET CERAMIC 11 PC,High-Revenue Priority,358.9166666666667,692,30,0.98,406.0,765.0,583.0,583.0,Stockout Risk,Local Warehouse Priority
23174,REGENCY SUGAR BOWL GREEN,High-Revenue Priority,423.42857142857144,1034,30,0.98,720.0,1144.0,571.0,571.0,Stockout Risk,Local Warehouse Priority
22989,SET 2 PANTRY DESIGN TEA TOWELS,High-Revenue Priority,274.2,228,14,0.98,232.0,360.0,566.0,566.0,Stockout Risk,Local Warehouse Priority
22899,CHILDREN'S APRON DOLLY GIRL,High-Revenue Priority,163.91666666666666,173,21,0.98,121.0,236.0,564.0,564.0,Stockout Risk,Local Warehouse Priority
84029E,RED WOOLLY HOTTIE WHITE HEART.,High-Revenue Priority,359.75,870,14,0.98,849.0,1017.0,548.0,548.0,Stockout Risk,Local Warehouse Priority
22568,FELTCRAFT CUSHION OWL,High-Revenue Priority,266.6666666666667,128,7,0.98,183.0,246.0,541.0,541.0,Stockout Risk,Local Warehouse Priority
23238,SET OF 4 KNICK KNACK TINS LONDON,High-Revenue Priority,280.6666666666667,266,21,0.98,115.0,312.0,524.0,524.0,Stockout Risk,Local Warehouse Priority
22653,BUTTON BOX,High-Revenue Priority,142.0,304,21,0.98,214.0,314.0,513.0,513.0,Stockout Risk,Local Warehouse Priority
23083,SET 6 PAPER TABLE LANTERN STARS,High-Revenue Priority,247.71428571428572,315,14,0.98,341.0,457.0,512.0,512.0,Stockout Risk,Local Warehouse Priority
22271,FELTCRAFT DOLL ROSIE,High-Revenue Priority,141.75,215,21,0.98,116.0,216.0,502.0,502.0,Stockout Risk,Local Warehouse Priority
23388,WOODLAND MINI BACKPACK,High-Revenue Priority,262.0,26,7,0.98,102.0,164.0,488.0,488.0,Stockout Risk,Local Warehouse Priority
23135,SMALL ZINC HEART WALL ORGANISER,High-Revenue Priority,190.25,345,14,0.98,281.0,370.0,472.0,472.0,Stockout Risk,Local Warehouse Priority
71053,WHITE METAL LANTERN,High-Revenue Priority,159.5,46,14,0.98,96.0,171.0,457.0,457.0,Stockout Risk,Local Warehouse Priority
84029G,KNITTED UNION FLAG HOT WATER BOTTLE,High-Revenue Priority,252.58333333333337,612,14,0.98,526.0,644.0,439.0,439.0,Stockout Risk,Local Warehouse Priority
21844,RED RETROSPOT MUG,High-Revenue Priority,153.75,104,14,0.98,112.0,184.0,438.0,438.0,Stockout Risk,Local Warehouse Priority
23541,WALL ART CLASSIC PUDDINGS,High-Revenue Priority,431.0,353,14,0.98,235.0,437.0,435.0,435.0,Stockout Risk,Local Warehouse Priority
21485,RETROSPOT HEART HOT WATER BOTTLE,High-Revenue Priority,279.25,464,14,0.98,447.0,578.0,430.0,430.0,Stockout Risk,Local Warehouse Priority
23108,SET OF 10 LED DOLLY LIGHTS,High-Revenue Priority,294.7142857142857,204,7,0.98,176.0,245.0,428.0,428.0,Stockout Risk,Local Warehouse Priority
22812,PACK 3 BOXES CHRISTMAS PANNETONE,High-Revenue Priority,142.41666666666666,270,14,0.98,306.0,373.0,424.0,424.0,Stockout Risk,Local Warehouse Priority
22300,COFFEE MUG DOG + BALL DESIGN,High-Revenue Priority,122.5,200,21,0.98,222.0,308.0,410.0,410.0,Stockout Risk,Local Warehouse Priority
21755,LOVE BUILDING BLOCK WORD,High-Revenue Priority,164.5,127,14,0.98,89.0,166.0,397.0,397.0,Stockout Risk,Local Warehouse Priority
22427,ENAMEL FLOWER JUG CREAM,High-Revenue Priority,172.91666666666666,29,7,0.98,100.0,141.0,396.0,396.0,Stockout Risk,Local Warehouse Priority
21937,STRAWBERRY   PICNIC BAG,High-Revenue Priority,141.08333333333334,298,14,0.98,256.0,322.0,394.0,394.0,Stockout Risk,Local Warehouse Priority
84030E,ENGLISH ROSE HOT WATER BOTTLE,High-Revenue Priority,126.08333333333331,100,7,0.98,146.0,176.0,391.0,391.0,Stockout Risk,Local Warehouse Priority
22109,FULL ENGLISH BREAKFAST PLATE,High-Revenue Priority,122.58333333333331,123,7,0.98,99.0,128.0,379.0,379.0,Stockout Risk,Local Warehouse Priority
15056BL,EDWARDIAN PARASOL BLACK,High-Revenue Priority,227.25,638,45,0.98,327.0,668.0,368.0,368.0,Stockout Risk,Local Warehouse Priority
23131,MISTLETOE HEART WREATH CREAM,High-Revenue Priority,117.375,338,45,0.98,251.0,428.0,367.0,367.0,Stockout Risk,Local Warehouse Priority
22780,LIGHT GARLAND BUTTERFILES PINK,High-Revenue Priority,110.0,288,30,0.98,230.0,340.0,366.0,366.0,Stockout Risk,Local Warehouse Priority
21621,VINTAGE UNION JACK BUNTING,High-Revenue Priority,227.25,320,14,0.98,240.0,347.0,365.0,365.0,Stockout Risk,Local Warehouse Priority
20969,RED FLORAL FELTCRAFT SHOULDER BAG,High-Revenue Priority,146.75,137,7,0.98,157.0,192.0,362.0,362.0,Stockout Risk,Local Warehouse Priority
47590A,BLUE HAPPY BIRTHDAY BUNTING,High-Revenue Priority,165.08333333333334,193,14,0.98,141.0,219.0,361.0,361.0,Stockout Risk,Local Warehouse Priority
84032A,CHARLIE+LOLA PINK HOT WATER BOTTLE,High-Revenue Priority,68.91666666666667,55,14,0.98,119.0,152.0,349.0,349.0,Stockout Risk,Local Warehouse Priority
48188,DOORMAT WELCOME PUPPIES,High-Revenue Priority,171.66666666666666,295,14,0.98,276.0,357.0,343.0,343.0,Stockout Risk,Local Warehouse Priority
23014,GLASS APOTHECARY BOTTLE ELIXIR,High-Revenue Priority,136.16666666666666,323,45,0.98,128.0,333.0,341.0,341.0,Stockout Risk,Local Warehouse Priority
23129,HEART SHAPED HOLLY WREATH,High-Revenue Priority,133.14285714285714,306,21,0.98,249.0,343.0,331.0,331.0,Stockout Risk,Local Warehouse Priority
82483,WOOD 2 DRAWER CABINET WHITE FINISH,High-Revenue Priority,181.0,342,30,0.98,189.0,370.0,317.0,317.0,Stockout Risk,Local Warehouse Priority
20682,RED RETROSPOT CHILDRENS UMBRELLA,High-Revenue Priority,95.0,125,21,0.98,81.0,148.0,307.0,307.0,Stockout Risk,Local Warehouse Priority
23542,WALL ART 70'S ALPHABET,High-Revenue Priority,183.0,33,7,0.98,37.0,80.0,305.0,305.0,Stockout Risk,Local Warehouse Priority
22669,RED BABY BUNTING,High-Revenue Priority,86.75,22,14,0.98,36.0,77.0,303.0,303.0,Stockout Risk,Local Warehouse Priority
21539,RED RETROSPOT BUTTER DISH,High-Revenue Priority,80.5,57,21,0.98,64.0,121.0,301.0,301.0,Stockout Risk,Local Warehouse Priority
85014B,RED RETROSPOT UMBRELLA,High-Revenue Priority,155.5,96,7,0.98,102.0,139.0,290.0,290.0,Stockout Risk,Local Warehouse Priority
22171,3 HOOK PHOTO SHELF ANTIQUE WHITE,High-Revenue Priority,144.08333333333334,183,14,0.98,178.0,246.0,274.0,274.0,Stockout Risk,Local Warehouse Priority
22625,RED KITCHEN SCALES,High-Revenue Priority,130.08333333333334,113,14,0.98,80.0,141.0,273.0,273.0,Stockout Risk,Local Warehouse Priority
82486,WOOD S/3 CABINET ANT WHITE FINISH,High-Revenue Priority,165.83333333333334,117,14,0.98,62.0,140.0,270.0,270.0,Stockout Risk,Local Warehouse Priority
21041,RED RETROSPOT OVEN GLOVE DOUBLE,High-Revenue Priority,76.16666666666667,76,14,0.98,62.0,98.0,263.0,263.0,Stockout Risk,Local Warehouse Priority
21259,VICTORIAN SEWING BOX SMALL,High-Revenue Priority,94.08333333333331,185,30,0.98,137.0,232.0,259.0,259.0,Stockout Risk,Local Warehouse Priority
21756,BATH BUILDING BLOCK WORD,High-Revenue Priority,65.41666666666667,128,45,0.98,65.0,164.0,258.0,258.0,Stockout Risk,Local Warehouse Priority
22649,STRAWBERRY FAIRY CAKE TEAPOT,High-Revenue Priority,63.833333333333336,18,7,0.98,23.0,38.0,231.0,231.0,Stockout Risk,Local Warehouse Priority
22607,WOODEN ROUNDERS GARDEN SET,High-Revenue Priority,107.08333333333331,281,30,0.98,199.0,307.0,228.0,228.0,Stockout Risk,Local Warehouse Priority
22795,SWEETHEART RECIPE BOOK STAND,High-Revenue Priority,94.0,100,14,0.98,86.0,130.0,224.0,224.0,Stockout Risk,Local Warehouse Priority
21658,GLASS  BEURRE DISH,High-Revenue Priority,72.83333333333333,126,21,0.98,106.0,157.0,218.0,218.0,Stockout Risk,Local Warehouse Priority
22366,DOORMAT AIRMAIL,High-Revenue Priority,64.08333333333333,127,21,0.98,89.0,134.0,213.0,213.0,Stockout Risk,Local Warehouse Priority
22170,PICTURE FRAME WOOD TRIPLE PORTRAIT,High-Revenue Priority,84.25,3,7,0.98,40.0,60.0,212.0,212.0,Stockout Risk,Local Warehouse Priority
21843,RED RETROSPOT CAKE STAND,High-Revenue Priority,139.25,88,14,0.98,81.0,146.0,211.0,211.0,Stockout Risk,Local Warehouse Priority
22430,ENAMEL WATERING CAN CREAM,High-Revenue Priority,49.833333333333336,86,30,0.98,69.0,119.0,199.0,199.0,Stockout Risk,Local Warehouse Priority
21463,MIRRORED DISCO BALL,High-Revenue Priority,48.833333333333336,106,21,0.98,73.0,108.0,193.0,193.0,Stockout Risk,Local Warehouse Priority
23112,PARISIENNE CURIO CABINET,High-Revenue Priority,71.14285714285714,0,7,0.98,23.0,40.0,193.0,193.0,Stockout Risk,Local Warehouse Priority
22942,CHRISTMAS LIGHTS 10 SANTAS,High-Revenue Priority,37.833333333333336,89,14,0.98,85.0,103.0,172.0,172.0,Stockout Risk,Local Warehouse Priority
21906,PHARMACIE FIRST AID TIN,High-Revenue Priority,47.583333333333336,73,21,0.98,84.0,118.0,162.0,162.0,Stockout Risk,Local Warehouse Priority
23314,VINTAGE CHRISTMAS TABLECLOTH,High-Revenue Priority,75.8,147,30,0.98,88.0,164.0,153.0,153.0,Stockout Risk,Local Warehouse Priority
23050,RECYCLED ACAPULCO MAT GREEN,High-Revenue Priority,54.111111111111114,29,14,0.98,46.0,72.0,148.0,148.0,Stockout Risk,Local Warehouse Priority
22487,WHITE WOOD GARDEN PLANT LADDER,High-Revenue Priority,62.666666666666664,63,14,0.98,39.0,69.0,146.0,146.0,Stockout Risk,Local Warehouse Priority
23051,RECYCLED ACAPULCO MAT BLUE,High-Revenue Priority,40.0,62,30,0.98,51.0,91.0,137.0,137.0,Stockout Risk,Local Warehouse Priority
22847,BREAD BIN DINER STYLE IVORY,High-Revenue Priority,72.25,165,30,0.98,103.0,176.0,127.0,127.0,Stockout Risk,Local Warehouse Priority
22120,WELCOME  WOODEN BLOCK LETTERS,High-Revenue Priority,42.083333333333336,45,14,0.98,26.0,46.0,119.0,119.0,Stockout Risk,Local Warehouse Priority
23486,ANTIQUE HEART SHELF UNIT,High-Revenue Priority,52.5,94,30,0.98,48.0,101.0,119.0,119.0,Stockout Risk,Local Warehouse Priority
72760B,VINTAGE CREAM 3 BASKET CAKE STAND,High-Revenue Priority,33.0,18,14,0.98,29.0,45.0,116.0,116.0,Stockout Risk,Local Warehouse Priority
84968C,SET OF 16 VINTAGE PISTACHIO CUTLERY,High-Revenue Priority,26.166666666666668,71,14,0.98,74.0,87.0,103.0,103.0,Stockout Risk,Local Warehouse Priority
22838,3 TIER CAKE TIN RED AND CREAM,High-Revenue Priority,46.833333333333336,47,7,0.98,41.0,52.0,102.0,102.0,Stockout Risk,Local Warehouse Priority
22180,RETROSPOT LAMP,High-Revenue Priority,27.083333333333332,39,21,0.98,24.0,43.0,92.0,92.0,Stockout Risk,Local Warehouse Priority
84078A,SET/4 WHITE RETRO STORAGE CUBES,High-Revenue Priority,31.833333333333332,27,14,0.98,22.0,37.0,62.0,62.0,Stockout Risk,Local Warehouse Priority
22504,CABIN BAG VINTAGE RETROSPOT,High-Revenue Priority,20.333333333333332,58,30,0.98,49.0,70.0,55.0,55.0,Stockout Risk,Local Warehouse Priority
22826,LOVE SEAT ANTIQUE WHITE METAL,High-Revenue Priority,4.583333333333333,6,7,0.98,5.0,7.0,15.0,15.0,Stockout Risk,Local Warehouse Priority
23378,PACK OF 12 50'S CHRISTMAS TISSUES,High-Turnover Stable,1265.6666666666667,84,7,0.95,319.0,615.0,3419.0,3419.0,Stockout Risk,Stable Local Warehouse Inventory
16156S,WRAP PINK FAIRY CAKES,High-Turnover Stable,475.0,224,14,0.95,268.0,490.0,2450.0,2450.0,Stockout Risk,Stable Local Warehouse Inventory
21499,BLUE POLKADOT WRAP,High-Turnover Stable,550.1666666666666,388,21,0.95,228.0,614.0,2397.0,2397.0,Stockout Risk,Stable Local Warehouse Inventory
22534,MAGIC DRAWING SLATE SPACEBOY,High-Turnover Stable,365.4166666666667,569,30,0.95,362.0,728.0,2095.0,2095.0,Stockout Risk,Stable Local Warehouse Inventory
23399,HOME SWEET HOME HANGING HEART,High-Turnover Stable,623.6666666666666,418,21,0.95,301.0,738.0,1888.0,1888.0,Stockout Risk,Stable Local Warehouse Inventory
22996,TRAVEL CARD WALLET VINTAGE TICKET,High-Turnover Stable,464.1,561,30,0.95,305.0,770.0,1838.0,1838.0,Stockout Risk,Stable Local Warehouse Inventory
22037,ROBOT BIRTHDAY CARD,High-Turnover Stable,302.3333333333333,295,21,0.95,191.0,403.0,1814.0,1814.0,Stockout Risk,Stable Local Warehouse Inventory
22714,CARD BIRTHDAY COWBOY,High-Turnover Stable,286.8333333333333,0,7,0.95,129.0,196.0,1721.0,1721.0,Stockout Risk,Stable Local Warehouse Inventory
22531,MAGIC DRAWING SLATE CIRCUS PARADE,High-Turnover Stable,276.5,316,21,0.95,232.0,426.0,1659.0,1659.0,Stockout Risk,Stable Local Warehouse Inventory
21509,COWBOYS AND INDIANS BIRTHDAY CARD,High-Turnover Stable,304.1666666666667,0,14,0.95,117.0,259.0,1560.0,1560.0,Stockout Risk,Stable Local Warehouse Inventory
22614,PACK OF 12 SPACEBOY TISSUES,High-Turnover Stable,245.16666666666663,0,7,0.95,107.0,165.0,1471.0,1471.0,Stockout Risk,Stable Local Warehouse Inventory
21830,ASSORTED CREEPY CRAWLIES,High-Turnover Stable,214.41666666666663,201,14,0.95,135.0,236.0,1287.0,1287.0,Stockout Risk,Stable Local Warehouse Inventory
22994,TRAVEL CARD WALLET RETROSPOT,High-Turnover Stable,204.8,49,14,0.95,107.0,203.0,1229.0,1229.0,Stockout Risk,Stable Local Warehouse Inventory
85212,MINI PAINTED GARDEN DECORATION,High-Turnover Stable,202.25,46,7,0.95,161.0,209.0,1214.0,1214.0,Stockout Risk,Stable Local Warehouse Inventory
21508,VINTAGE KID DOLLY CARD,High-Turnover Stable,201.16666666666663,36,14,0.95,65.0,159.0,1207.0,1207.0,Stockout Risk,Stable Local Warehouse Inventory
21394,RED POLKADOT BEAKER,High-Turnover Stable,320.5833333333333,367,14,0.95,321.0,471.0,1194.0,1194.0,Stockout Risk,Stable Local Warehouse Inventory
22024,RAINY LADIES BIRTHDAY CARD,High-Turnover Stable,196.58333333333337,211,21,0.95,101.0,239.0,1180.0,1180.0,Stockout Risk,Stable Local Warehouse Inventory
23002,TRAVEL CARD WALLET SKULLS,High-Turnover Stable,196.3,75,14,0.95,101.0,193.0,1178.0,1178.0,Stockout Risk,Stable Local Warehouse Inventory
22066,LOVE HEART TRINKET POT,High-Turnover Stable,185.25,187,30,0.95,201.0,387.0,1112.0,1112.0,Stockout Risk,Stable Local Warehouse Inventory
23280,FOLDING BUTTERFLY MIRROR HOT PINK,High-Turnover Stable,261.14285714285717,60,7,0.95,131.0,192.0,1109.0,1109.0,Stockout Risk,Stable Local Warehouse Inventory
22268,DECORATION SITTING BUNNY,High-Turnover Stable,182.63636363636363,75,14,0.95,155.0,241.0,1096.0,1096.0,Stockout Risk,Stable Local Warehouse Inventory
22046,TEA PARTY  WRAPPING PAPER,High-Turnover Stable,179.16666666666666,108,14,0.95,86.0,170.0,1075.0,1075.0,Stockout Risk,Stable Local Warehouse Inventory
21900,"KEY FOB , SHED",High-Turnover Stable,262.0833333333333,65,7,0.95,187.0,249.0,1051.0,1051.0,Stockout Risk,Stable Local Warehouse Inventory
22615,PACK OF 12 CIRCUS PARADE TISSUES,High-Turnover Stable,169.0,115,14,0.95,133.0,212.0,1014.0,1014.0,Stockout Risk,Stable Local Warehouse Inventory
51014L,"FEATHER PEN,LIGHT PINK",High-Turnover Stable,159.58333333333334,82,14,0.95,152.0,227.0,958.0,958.0,Stockout Risk,Stable Local Warehouse Inventory
17091J,VANILLA INCENSE IN TIN,High-Turnover Stable,155.66666666666666,190,21,0.95,115.0,224.0,934.0,934.0,Stockout Risk,Stable Local Warehouse Inventory
21786,POLKADOT RAIN HAT,High-Turnover Stable,154.58333333333334,254,21,0.95,154.0,263.0,928.0,928.0,Stockout Risk,Stable Local Warehouse Inventory
23155,KNICKERBOCKERGLORY MAGNET ASSORTED,High-Turnover Stable,231.44444444444449,285,21,0.95,151.0,314.0,925.0,925.0,Stockout Risk,Stable Local Warehouse Inventory
22196,SMALL HEART MEASURING SPOONS,High-Turnover Stable,220.08333333333337,49,7,0.95,89.0,141.0,916.0,916.0,Stockout Risk,Stable Local Warehouse Inventory
21078,SET/20 STRAWBERRY PAPER NAPKINS,High-Turnover Stable,230.75,211,14,0.95,199.0,307.0,849.0,849.0,Stockout Risk,Stable Local Warehouse Inventory
22773,GREEN DRAWER KNOB ACRYLIC EDWARDIAN,High-Turnover Stable,169.41666666666666,163,30,0.95,111.0,281.0,747.0,747.0,Stockout Risk,Stable Local Warehouse Inventory
22548,HEADS AND TAILS SPORTING FUN,High-Turnover Stable,164.58333333333334,117,7,0.95,125.0,164.0,736.0,736.0,Stockout Risk,Stable Local Warehouse Inventory
22644,CERAMIC CHERRY CAKE MONEY BANK,High-Turnover Stable,135.91666666666666,117,14,0.95,83.0,147.0,488.0,488.0,Stockout Risk,Stable Local Warehouse Inventory
16045,POPART WOODEN PENCILS ASST,High-Turnover Volatile,725.0,0,14,0.95,860.0,1199.0,4350.0,4350.0,Stockout Risk,Small-Batch Replenishment / Monitor Closely
22440,BALLOON WATER BOMB PACK OF 35,High-Turnover Volatile,497.5,1059,21,0.95,1070.0,1419.0,2143.0,2143.0,Stockout Risk,Small-Batch Replenishment / Monitor Closely
16218,CARTOON  PENCIL SHARPENERS,High-Turnover Volatile,309.6666666666667,96,14,0.95,412.0,557.0,1858.0,1858.0,Stockout Risk,Small-Batch Replenishment / Monitor Closely
20992,JAZZ HEARTS PURSE NOTEBOOK,High-Turnover Volatile,351.5833333333333,392,21,0.95,487.0,734.0,1736.0,1736.0,Stockout Risk,Small-Batch Replenishment / Monitor Closely
22154,ANGEL DECORATION 3 BUTTONS,High-Turnover Volatile,291.5,34,14,0.95,463.0,600.0,1641.0,1641.0,Stockout Risk,Small-Batch Replenishment / Monitor Closely
22818,CARD CHRISTMAS VILLAGE,High-Turnover Volatile,278.5,416,14,0.95,479.0,609.0,1604.0,1604.0,Stockout Risk,Small-Batch Replenishment / Monitor Closely
84950,ASSORTED COLOUR T-LIGHT HOLDER,High-Turnover Volatile,294.5833333333333,468,21,0.95,731.0,938.0,1562.0,1562.0,Stockout Risk,Small-Batch Replenishment / Monitor Closely
22816,CARD MOTORBIKE SANTA,High-Turnover Volatile,311.25,327,14,0.95,549.0,695.0,1505.0,1505.0,Stockout Risk,Small-Batch Replenishment / Monitor Closely
22339,CHRISTMAS TREE PAINTED ZINC,High-Turnover Volatile,205.66666666666663,446,14,0.95,400.0,496.0,1205.0,1205.0,Stockout Risk,Small-Batch Replenishment / Monitor Closely
21819,GLITTER CHRISTMAS STAR,High-Turnover Volatile,195.33333333333337,0,7,0.95,338.0,384.0,1057.0,1057.0,Stockout Risk,Small-Batch Replenishment / Monitor Closely
22597,MUSICAL ZINC HEART DECORATION,High-Turnover Volatile,208.91666666666663,376,14,0.95,427.0,525.0,1012.0,1012.0,Stockout Risk,Small-Batch Replenishment / Monitor Closely
21902,"KEY FOB , FRONT  DOOR",High-Turnover Volatile,159.58333333333334,51,30,0.95,274.0,434.0,958.0,958.0,Stockout Risk,Small-Batch Replenishment / Monitor Closely
21809,CHRISTMAS HANGING TREE WITH BELL,High-Turnover Volatile,160.91666666666666,138,7,0.95,233.0,271.0,854.0,854.0,Stockout Risk,Small-Batch Replenishment / Monitor Closely
22343,PARTY PIZZA DISH RED RETROSPOT,High-Turnover Volatile,132.0,104,7,0.95,127.0,158.0,792.0,792.0,Stockout Risk,Small-Batch Replenishment / Monitor Closely
22571,ROCKING HORSE RED CHRISTMAS,High-Turnover Volatile,178.91666666666666,126,14,0.95,267.0,351.0,778.0,778.0,Stockout Risk,Small-Batch Replenishment / Monitor Closely
22094,RED RETROSPOT TISSUE BOX,High-Turnover Volatile,172.83333333333334,214,21,0.95,270.0,391.0,730.0,730.0,Stockout Risk,Small-Batch Replenishment / Monitor Closely
21399,BLUE POLKADOT COFFEE MUG,High-Turnover Volatile,163.16666666666666,393,30,0.95,502.0,666.0,709.0,709.0,Stockout Risk,Small-Batch Replenishment / Monitor Closely
22098,BOUDOIR SQUARE TISSUE BOX,High-Turnover Volatile,157.75,105,14,0.95,267.0,341.0,693.0,693.0,Stockout Risk,Small-Batch Replenishment / Monitor Closely
21824,PAINTED METAL STAR WITH HOLLY BELLS,High-Turnover Volatile,157.66666666666666,620,30,0.95,517.0,675.0,672.0,672.0,Stockout Risk,Small-Batch Replenishment / Monitor Closely
22241,GARLAND WOODEN HAPPY EASTER,High-Turnover Volatile,162.5,425,21,0.95,367.0,481.0,655.0,655.0,Stockout Risk,Small-Batch Replenishment / Monitor Closely
22945,CHRISTMAS METAL TAGS ASSORTED,High-Turnover Volatile,233.25,193,14,0.95,319.0,428.0,637.0,637.0,Stockout Risk,Small-Batch Replenishment / Monitor Closely
23441,HAND PAINTED HANGING EASTER EGG,Long-Tail,20.0,8,14,0.85,0.0,10.0,120.0,120.0,Stockout Risk,External or Limited Stock Strategy
23626,SET 10 CARDS DINKY TREE 17076,Long-Tail,17.5,0,7,0.85,9.0,14.0,105.0,105.0,Stockout Risk,External or Limited Stock Strategy
72024U,LILAC VOTIVE CANDLE,Long-Tail,9.0,10,14,0.85,13.0,18.0,54.0,54.0,Stockout Risk,External or Limited Stock Strategy
84859C,PINK DISCO HANDBAG,Long-Tail,8.3,10,21,0.85,9.0,15.0,50.0,50.0,Stockout Risk,External or Limited Stock Strategy
47348A,FUSCHIA VOILE POINTY SHOE DEC,Long-Tail,8.083333333333334,16,30,0.85,14.0,23.0,49.0,49.0,Stockout Risk,External or Limited Stock Strategy
21082,SET/20 FRUIT SALAD PAPER NAPKINS,Long-Tail,8.0,2,14,0.85,7.0,11.0,48.0,48.0,Stockout Risk,External or Limited Stock Strategy
21226,POCKET MIRROR WOODLAND,Long-Tail,7.75,8,14,0.85,12.0,16.0,47.0,47.0,Stockout Risk,External or Limited Stock Strategy
35001W,HAND OPEN SHAPE DECO.WHITE,Long-Tail,7.666666666666667,21,14,0.85,19.0,23.0,46.0,46.0,Stockout Risk,External or Limited Stock Strategy
35916B,BLUE FELT HANGING HEART WITH FLOWER,Long-Tail,7.583333333333333,3,7,0.85,6.0,8.0,46.0,46.0,Stockout Risk,External or Limited Stock Strategy
84609,TALL ROCOCO CANDLE HOLDER,Long-Tail,7.416666666666667,13,21,0.85,10.0,16.0,45.0,45.0,Stockout Risk,External or Limited Stock Strategy
84569B,PACK 3 FIRE ENGINE/CAR PATCHES,Long-Tail,7.083333333333333,1,7,0.85,7.0,9.0,43.0,43.0,Stockout Risk,External or Limited Stock Strategy
20903,VINTAGE KEEPSAKE BOX TRAVELOGUE,Long-Tail,6.833333333333333,12,21,0.85,8.0,13.0,41.0,41.0,Stockout Risk,External or Limited Stock Strategy
21547,CERAMIC BIRDHOUSE CRESTED TIT SMALL,Long-Tail,6.583333333333333,12,21,0.85,12.0,17.0,40.0,40.0,Stockout Risk,External or Limited Stock Strategy
23464,VINTAGE ZINC WATERING CAN SMALL,Long-Tail,6.5,4,14,0.85,6.0,10.0,39.0,39.0,Stockout Risk,External or Limited Stock Strategy
35649,VINTAGE BEAD COSMETIC BAG,Long-Tail,6.5,1,7,0.85,3.0,5.0,39.0,39.0,Stockout Risk,External or Limited Stock Strategy
90210C,RED   ACRYLIC FACETED BANGLE,Long-Tail,6.416666666666667,17,21,0.85,19.0,24.0,39.0,39.0,Stockout Risk,External or Limited Stock Strategy
90161C,ANT COPPER LIME BOUDICCA BRACELET,Long-Tail,6.333333333333333,0,7,0.85,4.0,6.0,38.0,38.0,Stockout Risk,External or Limited Stock Strategy
20769,DAISY JOURNAL,Long-Tail,6.083333333333333,6,21,0.85,5.0,10.0,37.0,37.0,Stockout Risk,External or Limited Stock Strategy
20653,CHERRY BLOSSOM LUGGAGE TAG,Long-Tail,6.0,7,14,0.85,5.0,8.0,36.0,36.0,Stockout Risk,External or Limited Stock Strategy
90162A,ANT SILVER TURQUOISE BOUDICCA RING,Long-Tail,6.0,0,7,0.85,0.0,2.0,36.0,36.0,Stockout Risk,External or Limited Stock Strategy
16207A,PINK STRAWBERRY HANDBAG,Long-Tail,5.0,3,14,0.85,5.0,8.0,30.0,30.0,Stockout Risk,External or Limited Stock Strategy
84857B,BLUE MONTE CARLO HANDBAG,Long-Tail,4.8,6,14,0.85,8.0,11.0,29.0,29.0,Stockout Risk,External or Limited Stock Strategy
84508B,STRIPES DESIGN TEDDY,Long-Tail,4.666666666666667,2,7,0.85,2.0,4.0,28.0,28.0,Stockout Risk,External or Limited Stock Strategy
47013C,WINE BOTTLE DRESSING DARK BLUE,Long-Tail,4.444444444444445,5,7,0.85,4.0,6.0,27.0,27.0,Stockout Risk,External or Limited Stock Strategy
21270,ANTIQUE CREAM CUTLERY CUPBOARD,Long-Tail,4.083333333333333,4,7,0.85,5.0,6.0,25.0,25.0,Stockout Risk,External or Limited Stock Strategy
84638,SMALL KITCHEN FLOWER POTS PLAQUE,Long-Tail,4.166666666666667,1,7,0.85,3.0,4.0,25.0,25.0,Stockout Risk,External or Limited Stock Strategy
20782,CAMOUFLAGE EAR MUFF HEADPHONES,Long-Tail,3.9166666666666665,7,30,0.85,7.0,11.0,24.0,24.0,Stockout Risk,External or Limited Stock Strategy
22486,PLASMATRONIC LAMP,Long-Tail,3.75,0,7,0.85,3.0,4.0,23.0,23.0,Stockout Risk,External or Limited Stock Strategy
84597C,RETRO PINK BALL ASHTRAY,Long-Tail,3.8333333333333335,7,21,0.85,6.0,9.0,23.0,23.0,Stockout Risk,External or Limited Stock Strategy
84898F,YELLOW FLOWERS FELT HANDBAG KIT,Long-Tail,3.8333333333333335,7,30,0.85,7.0,11.0,23.0,23.0,Stockout Risk,External or Limited Stock Strategy
90129A,PINK GLASS TASSLE BAG CHARM,Long-Tail,3.75,5,14,0.85,4.0,6.0,23.0,23.0,Stockout Risk,External or Limited Stock Strategy
90018A,SILVER M.O.P ORBIT DROP EARRINGS,Long-Tail,3.5833333333333335,4,21,0.85,3.0,6.0,22.0,22.0,Stockout Risk,External or Limited Stock Strategy
90158,ST TROPEZ NECKLACE,Long-Tail,3.5,4,30,0.85,4.0,8.0,21.0,21.0,Stockout Risk,External or Limited Stock Strategy
23620,SET 10 CARDS PERFECT POST 17090,Long-Tail,3.3333333333333335,3,21,0.85,3.0,6.0,20.0,20.0,Stockout Risk,External or Limited Stock Strategy
90206C,CRYSTAL DIAMANTE STAR BROOCH,Long-Tail,3.25,2,21,0.85,3.0,6.0,20.0,20.0,Stockout Risk,External or Limited Stock Strategy
37476,CONDIMENT TRAY 4 BOWLS AND 4 SPOONS,Long-Tail,3.0833333333333335,7,30,0.85,4.0,8.0,19.0,19.0,Stockout Risk,External or Limited Stock Strategy
72133,COLUMBIAN CANDLE RECTANGLE,Long-Tail,3.0833333333333335,3,21,0.85,3.0,6.0,19.0,19.0,Stockout Risk,External or Limited Stock Strategy
44228,CANNABIS LEAF BEAD CURTAIN,Long-Tail,3.0,9,21,0.85,7.0,10.0,18.0,18.0,Stockout Risk,External or Limited Stock Strategy
85092,CANDY SPOT TEA COSY,Long-Tail,2.7,9,30,0.85,9.0,12.0,17.0,17.0,Stockout Risk,External or Limited Stock Strategy
90129C,GREEN GLASS TASSLE BAG CHARM,Long-Tail,2.8333333333333335,3,7,0.85,3.0,4.0,17.0,17.0,Stockout Risk,External or Limited Stock Strategy
37489B,BLUE/YELLOW FLOWER DESIGN BIG MUG,Long-Tail,2.5833333333333335,2,14,0.85,3.0,5.0,16.0,16.0,Stockout Risk,External or Limited Stock Strategy
84984D,ORIENTAL RED CUSHION COVER,Long-Tail,2.6,2,21,0.85,2.0,4.0,16.0,16.0,Stockout Risk,External or Limited Stock Strategy
85023B,EAU DE NILE JEWELLED PHOTOFRAME,Long-Tail,2.6666666666666665,6,21,0.85,5.0,7.0,16.0,16.0,Stockout Risk,External or Limited Stock Strategy
90173,PAIR BUTTERFLY HAIR CLIPS,Long-Tail,2.6666666666666665,7,30,0.85,6.0,9.0,16.0,16.0,Stockout Risk,External or Limited Stock Strategy
90205A,LARGE MINT DIAMANTE HAIRSLIDE,Long-Tail,2.5833333333333335,4,21,0.85,3.0,5.0,16.0,16.0,Stockout Risk,External or Limited Stock Strategy
44242A,LILAC FEATHERS CURTAIN,Long-Tail,2.4,6,21,0.85,5.0,7.0,15.0,15.0,Stockout Risk,External or Limited Stock Strategy
90184B,AMETHYST CHUNKY BEAD BRACELET W STR,Long-Tail,2.4166666666666665,2,14,0.85,2.0,4.0,15.0,15.0,Stockout Risk,External or Limited Stock Strategy
72132,COLUMBIAN CUBE CANDLE,Long-Tail,2.3333333333333335,5,21,0.85,4.0,6.0,14.0,14.0,Stockout Risk,External or Limited Stock Strategy
20701,PINK CAT FLORAL CUSHION COVER,Long-Tail,2.0833333333333335,3,7,0.85,3.0,4.0,13.0,13.0,Stockout Risk,External or Limited Stock Strategy
90099,NECKLACE+BRACELET SET BLUE HIBISCUS,Long-Tail,2.1666666666666665,5,21,0.85,4.0,6.0,13.0,13.0,Stockout Risk,External or Limited Stock Strategy
21277,FRENCH STYLE EMBOSSED HEART CABINET,Long-Tail,2.0,1,7,0.85,1.0,2.0,12.0,12.0,Stockout Risk,External or Limited Stock Strategy
84666,SQUARE CHERRY BLOSSOM CABINET,Long-Tail,2.0,2,14,0.85,3.0,4.0,12.0,12.0,Stockout Risk,External or Limited Stock Strategy
21040,MODERN VINTAGE COTTON SHOPPING BAG,Long-Tail,1.8333333333333333,4,21,0.85,4.0,6.0,11.0,11.0,Stockout Risk,External or Limited Stock Strategy
21690,SILVER  CANDLEPOT JARDIN,Long-Tail,1.8333333333333333,6,21,0.85,5.0,7.0,11.0,11.0,Stockout Risk,External or Limited Stock Strategy
90000D,COPPER/OLIVE GREEN FLOWER NECKLACE,Long-Tail,1.75,2,14,0.85,2.0,3.0,11.0,11.0,Stockout Risk,External or Limited Stock Strategy
16248B,BLUE HOLE PUNCH,Long-Tail,1.4444444444444444,3,21,0.85,2.0,4.0,9.0,9.0,Stockout Risk,External or Limited Stock Strategy
23615,SET 10 CARDS PRINTED GRAPHIC 17219,Long-Tail,1.5,0,14,0.85,1.0,2.0,9.0,9.0,Stockout Risk,External or Limited Stock Strategy
90059D,DIAMANTE HAIR GRIP PACK/2 PERIDOT,Long-Tail,1.4166666666666667,1,14,0.85,1.0,2.0,9.0,9.0,Stockout Risk,External or Limited Stock Strategy
85185D,FROG SOCK PUPPET,Long-Tail,1.25,2,21,0.85,2.0,3.0,8.0,8.0,Stockout Risk,External or Limited Stock Strategy
90059E,DIAMANTE HAIR GRIP PACK/2 RUBY,Long-Tail,1.3333333333333333,4,30,0.85,3.0,5.0,8.0,8.0,Stockout Risk,External or Limited Stock Strategy
90059F,DIAMANTE HAIR GRIP PACK/2 LT ROSE,Long-Tail,1.181818181818182,1,14,0.85,1.0,2.0,8.0,8.0,Stockout Risk,External or Limited Stock Strategy
90124C,GREEN MURANO TWIST NECKLACE,Long-Tail,1.2222222222222223,2,30,0.85,2.0,4.0,8.0,8.0,Stockout Risk,External or Limited Stock Strategy
90185B,AMETHYST DIAMANTE EXPANDABLE RING,Long-Tail,1.3333333333333333,4,30,0.85,3.0,5.0,8.0,8.0,Stockout Risk,External or Limited Stock Strategy
84462,3 PINK HEN+CHICKS IN BASKET,Long-Tail,1.0909090909090908,3,30,0.85,2.0,4.0,7.0,7.0,Stockout Risk,External or Limited Stock Strategy
84497,BUTTONS AND STRIPES NOTEBOOK,Long-Tail,1.0833333333333333,3,30,0.85,2.0,4.0,7.0,7.0,Stockout Risk,External or Limited Stock Strategy
90038B,GLASS AND PAINTED BEADS BRACELET OL,Long-Tail,1.0909090909090908,2,21,0.85,2.0,3.0,7.0,7.0,Stockout Risk,External or Limited Stock Strategy
90184A,AMBER CHUNKY BEAD BRACELET W STRAP,Long-Tail,1.0833333333333333,2,14,0.85,2.0,3.0,7.0,7.0,Stockout Risk,External or Limited Stock Strategy
79329,PINK FLOCK GLASS CANDLEHOLDER,Long-Tail,1.0,2,14,0.85,2.0,3.0,6.0,6.0,Stockout Risk,External or Limited Stock Strategy
90036D,"FLOWER GLASS GARLAND NECKL.36""BLACK",Long-Tail,1.0,2,14,0.85,2.0,3.0,6.0,6.0,Stockout Risk,External or Limited Stock Strategy
90214T,"LETTER ""T"" BLING KEY RING",Long-Tail,1.0,1,14,0.85,1.0,2.0,6.0,6.0,Stockout Risk,External or Limited Stock Strategy
84675,FROG KING WATERING CAN,Long-Tail,0.8181818181818182,3,30,0.85,3.0,4.0,5.0,5.0,Stockout Risk,External or Limited Stock Strategy
90019C,SILVER BLACK ORBIT BRACELET,Long-Tail,0.8333333333333334,1,21,0.85,1.0,2.0,5.0,5.0,Stockout Risk,External or Limited Stock Strategy
90162D,ANT SILVER PURPLE BOUDICCA RING,Long-Tail,0.8333333333333334,2,30,0.85,2.0,3.0,5.0,5.0,Stockout Risk,External or Limited Stock Strategy
90089,PINK CRYSTAL SKULL PHONE CHARM,Long-Tail,0.5833333333333334,1,30,0.85,1.0,2.0,4.0,4.0,Stockout Risk,External or Limited Stock Strategy
23550,WRAP ALPHABET POSTER,Regular,366.0,65,30,0.9,144.0,510.0,2151.0,2151.0,Stockout Risk,Standard Replenishment Review
23509,MINI PLAYING CARDS FUN FAIR,Regular,349.3333333333333,387,14,0.9,355.0,519.0,1910.0,1910.0,Stockout Risk,Standard Replenishment Review
23500,KEY RING BASEBALL BOOT ASSORTED,Regular,675.5,17,14,0.9,5.0,321.0,1592.0,1592.0,Stockout Risk,Standard Replenishment Review
23196,VINTAGE LEAF MAGNETIC NOTEPAD,Regular,301.3333333333333,344,21,0.9,146.0,357.0,970.0,970.0,Stockout Risk,Standard Replenishment Review
23190,BUNDLE OF 3 SCHOOL EXERCISE BOOKS,Regular,237.42857142857144,106,21,0.9,110.0,277.0,923.0,923.0,Stockout Risk,Standard Replenishment Review
21088,SET/6 FRUIT SALAD PAPER CUPS,Regular,150.27272727272728,181,21,0.9,177.0,283.0,902.0,902.0,Stockout Risk,Standard Replenishment Review
21901,"KEY FOB , BACK DOOR",Regular,146.91666666666666,0,7,0.9,28.0,63.0,882.0,882.0,Stockout Risk,Standard Replenishment Review
22439,6 ROCKET BALLOONS,Regular,147.0,54,7,0.9,39.0,74.0,882.0,882.0,Stockout Risk,Standard Replenishment Review
23398,HANGING HEART BONHEUR,Regular,177.66666666666666,146,45,0.9,99.0,366.0,858.0,858.0,Stockout Risk,Standard Replenishment Review
23123,COCKTAIL SWORDS 50 PIECES,Regular,150.83333333333334,73,7,0.9,48.0,84.0,835.0,835.0,Stockout Risk,Standard Replenishment Review
79164,BLACK WINE GLASS,Regular,138.83333333333334,314,14,0.9,268.0,333.0,833.0,833.0,Stockout Risk,Standard Replenishment Review
21422,PORCELAIN ROSE SMALL,Regular,133.91666666666666,0,7,0.9,95.0,127.0,804.0,804.0,Stockout Risk,Standard Replenishment Review
23058,CHRISTMAS HANGING SNOWFLAKE,Regular,142.0,300,30,0.9,190.0,332.0,795.0,795.0,Stockout Risk,Standard Replenishment Review
84971S,SMALL HEART FLOWERS HOOK,Regular,139.5,56,14,0.9,42.0,108.0,741.0,741.0,Stockout Risk,Standard Replenishment Review
22613,PACK OF 20 SPACEBOY NAPKINS,Regular,124.66666666666669,127,21,0.9,108.0,196.0,738.0,738.0,Stockout Risk,Standard Replenishment Review
23031,DRAWER KNOB CRACKLE GLAZE PINK,Regular,204.66666666666663,76,14,0.9,72.0,168.0,735.0,735.0,Stockout Risk,Standard Replenishment Review
23222,CHRISTMAS TREE HANGING GOLD,Regular,122.33333333333331,135,21,0.9,134.0,220.0,734.0,734.0,Stockout Risk,Standard Replenishment Review
22035,VINTAGE CARAVAN GREETING CARD,Regular,121.0,92,14,0.9,70.0,127.0,726.0,726.0,Stockout Risk,Standard Replenishment Review
22097,SWALLOW SQUARE TISSUE BOX,Regular,114.5,186,14,0.9,139.0,193.0,687.0,687.0,Stockout Risk,Standard Replenishment Review
23273,HEART T-LIGHT HOLDER WILLIE WINKIE,Regular,152.0,249,30,0.9,108.0,260.0,676.0,676.0,Stockout Risk,Standard Replenishment Review
35923,CANDY HEART HANGING DECORATION,Regular,117.63636363636364,81,21,0.9,180.0,263.0,670.0,670.0,Stockout Risk,Standard Replenishment Review
23274,STAR T-LIGHT HOLDER WILLIE WINKIE,Regular,187.33333333333337,280,21,0.9,167.0,299.0,664.0,664.0,Stockout Risk,Standard Replenishment Review
84535B,FAIRY CAKES NOTEBOOK A6 SIZE,Regular,110.41666666666669,13,30,0.9,100.0,211.0,663.0,663.0,Stockout Risk,Standard Replenishment Review
22420,LIPSTICK PEN BABY PINK,Regular,108.5,143,21,0.9,101.0,177.0,651.0,651.0,Stockout Risk,Standard Replenishment Review
23249,VINTAGE RED ENAMEL TRIM PLATE,Regular,133.5,127,21,0.9,64.0,158.0,650.0,650.0,Stockout Risk,Standard Replenishment Review
22245,"HOOK, 1 HANGER ,MAGIC GARDEN",Regular,105.16666666666669,0,7,0.9,94.0,119.0,631.0,631.0,Stockout Risk,Standard Replenishment Review
35954,SMALL FOLKART STAR CHRISTMAS DEC,Regular,103.75,160,14,0.9,149.0,198.0,623.0,623.0,Stockout Risk,Standard Replenishment Review
22572,ROCKING HORSE GREEN CHRISTMAS,Regular,115.0,188,14,0.9,150.0,204.0,620.0,620.0,Stockout Risk,Standard Replenishment Review
21823,PAINTED METAL HEART WITH HOLLY BELL,Regular,114.33333333333331,317,21,0.9,255.0,336.0,605.0,605.0,Stockout Risk,Standard Replenishment Review
16012,FOOD/DRINK SPONGE STICKERS,Regular,99.58333333333331,127,21,0.9,113.0,183.0,598.0,598.0,Stockout Risk,Standard Replenishment Review
22023,EMPIRE BIRTHDAY CARD,Regular,98.25,0,7,0.9,21.0,44.0,590.0,590.0,Stockout Risk,Standard Replenishment Review
22064,PINK DOUGHNUT TRINKET POT,Regular,109.75,158,45,0.9,90.0,255.0,582.0,582.0,Stockout Risk,Standard Replenishment Review
23325,RUSTIC STRAWBERRY JAM POT SMALL,Regular,115.5,70,30,0.9,74.0,190.0,582.0,582.0,Stockout Risk,Standard Replenishment Review
23490,T-LIGHT HOLDER HANGING LOVE BIRD,Regular,249.0,299,21,0.9,146.0,321.0,575.0,575.0,Stockout Risk,Standard Replenishment Review
16054,POPART RECT PENCIL SHARPENER ASST,Regular,94.16666666666669,3,14,0.9,106.0,150.0,565.0,565.0,Stockout Risk,Standard Replenishment Review
23302,KNEELING MAT HOUSEWORK  DESIGN,Regular,152.85714285714286,123,30,0.9,66.0,219.0,563.0,563.0,Stockout Risk,Standard Replenishment Review
20674,GREEN POLKADOT BOWL,Regular,127.08333333333331,30,21,0.9,54.0,143.0,561.0,561.0,Stockout Risk,Standard Replenishment Review
22399,MAGNETS PACK OF 4 CHILDHOOD MEMORY,Regular,92.5,5,14,0.9,75.0,119.0,555.0,555.0,Stockout Risk,Standard Replenishment Review
23512,EMBROIDERED RIBBON REEL ROSIE,Regular,162.66666666666666,309,30,0.9,235.0,398.0,555.0,555.0,Stockout Risk,Standard Replenishment Review
21389,IVORY HANGING DECORATION  BIRD,Regular,91.58333333333331,150,21,0.9,99.0,164.0,550.0,550.0,Stockout Risk,Standard Replenishment Review
85017B,ENVELOPE 50 BLOSSOM IMAGES,Regular,88.75,0,7,0.9,39.0,60.0,533.0,533.0,Stockout Risk,Standard Replenishment Review
22672,FRENCH BATHROOM SIGN BLUE METAL,Regular,118.08333333333331,0,7,0.9,51.0,79.0,530.0,530.0,Stockout Risk,Standard Replenishment Review
23033,DRAWER KNOB CERAMIC RED,Regular,118.83333333333331,38,14,0.9,62.0,118.0,527.0,527.0,Stockout Risk,Standard Replenishment Review
22532,MAGIC DRAWING SLATE LEAP FROG,Regular,86.5,96,14,0.9,86.0,127.0,519.0,519.0,Stockout Risk,Standard Replenishment Review
22129,PARTY CONES CANDY DECORATION,Regular,97.16666666666669,19,21,0.9,94.0,163.0,515.0,515.0,Stockout Risk,Standard Replenishment Review
22976,CIRCUS PARADE CHILDRENS EGG CUP,Regular,85.58333333333333,36,14,0.9,44.0,84.0,514.0,514.0,Stockout Risk,Standard Replenishment Review
20754,RETROSPOT RED WASHING UP GLOVES,Regular,121.33333333333331,88,21,0.9,82.0,167.0,513.0,513.0,Stockout Risk,Standard Replenishment Review
84926E,FLOWERS TILE COASTER,Regular,85.45454545454545,163,21,0.9,131.0,191.0,513.0,513.0,Stockout Risk,Standard Replenishment Review
21401,BLUE PUDDING SPOON,Regular,84.66666666666667,158,30,0.9,87.0,172.0,508.0,508.0,Stockout Risk,Standard Replenishment Review
22059,CERAMIC STRAWBERRY DESIGN MUG,Regular,106.33333333333331,108,21,0.9,63.0,138.0,498.0,498.0,Stockout Risk,Standard Replenishment Review
22078,RIBBON REEL LACE DESIGN,Regular,110.75,17,7,0.9,59.0,85.0,497.0,497.0,Stockout Risk,Standard Replenishment Review
84828,JUNGLE POPSICLES ICE LOLLY MOULDS,Regular,88.91666666666667,76,14,0.9,76.0,118.0,496.0,496.0,Stockout Risk,Standard Replenishment Review
22051,BLUE SCANDINAVIAN PAISLEY WRAP,Regular,81.25,2,21,0.9,37.0,94.0,488.0,488.0,Stockout Risk,Standard Replenishment Review
22545,MINI JIGSAW BUNNIES,Regular,81.08333333333333,16,7,0.9,50.0,69.0,487.0,487.0,Stockout Risk,Standard Replenishment Review
20733,GOLD MINI TAPE MEASURE,Regular,75.66666666666667,112,21,0.9,108.0,161.0,454.0,454.0,Stockout Risk,Standard Replenishment Review
21199,PINK  HEART CONFETTI IN TUBE,Regular,75.5,89,30,0.9,147.0,223.0,453.0,453.0,Stockout Risk,Standard Replenishment Review
21789,KIDS RAIN MAC PINK,Regular,74.91666666666667,75,14,0.9,45.0,80.0,450.0,450.0,Stockout Risk,Standard Replenishment Review
21400,RED PUDDING SPOON,Regular,72.75,71,21,0.9,55.0,106.0,437.0,437.0,Stockout Risk,Standard Replenishment Review
22345,PARTY PIZZA DISH BLUE POLKADOT,Regular,71.58333333333333,49,7,0.9,82.0,99.0,430.0,430.0,Stockout Risk,Standard Replenishment Review
21447,12 IVORY ROSE PEG PLACE SETTINGS,Regular,80.66666666666667,0,14,0.9,54.0,92.0,428.0,428.0,Stockout Risk,Standard Replenishment Review
22075,6 RIBBONS ELEGANT CHRISTMAS,Regular,104.16666666666669,100,7,0.9,92.0,117.0,413.0,413.0,Stockout Risk,Standard Replenishment Review
22650,CERAMIC PIRATE CHEST MONEY BANK,Regular,68.5,0,7,0.9,21.0,37.0,411.0,411.0,Stockout Risk,Standard Replenishment Review
23523,WALL ART TREASURE AHOY,Regular,170.0,26,7,0.9,96.0,136.0,410.0,410.0,Stockout Risk,Standard Replenishment Review
22416,SET OF 36 DOILIES SPACEBOY DESIGN,Regular,70.83333333333333,85,21,0.9,108.0,158.0,407.0,407.0,Stockout Risk,Standard Replenishment Review
85169A,IVORY LOVE BIRD CANDLE,Regular,67.25,217,45,0.9,171.0,272.0,404.0,404.0,Stockout Risk,Standard Replenishment Review
22279,POCKET BAG BLUE PAISLEY RED SPOT,Regular,67.0,68,14,0.9,61.0,93.0,402.0,402.0,Stockout Risk,Standard Replenishment Review
21327,SKULLS WRITING SET,Regular,69.58333333333333,20,7,0.9,29.0,46.0,401.0,401.0,Stockout Risk,Standard Replenishment Review
21626,VINTAGE UNION JACK PENNANT,Regular,64.75,7,7,0.9,59.0,75.0,389.0,389.0,Stockout Risk,Standard Replenishment Review
23252,VINTAGE RED ENAMEL TRIM JUG,Regular,94.83333333333331,86,30,0.9,53.0,148.0,384.0,384.0,Stockout Risk,Standard Replenishment Review
23422,PANTRY HOOK BALLOON WHISK,Regular,69.66666666666667,0,7,0.9,12.0,29.0,372.0,372.0,Stockout Risk,Standard Replenishment Review
20828,GLITTER BUTTERFLY CLIPS,Regular,91.08333333333331,44,14,0.9,33.0,76.0,367.0,367.0,Stockout Risk,Standard Replenishment Review
22040,BOTANICAL ROSE GIFT WRAP,Regular,60.416666666666664,33,30,0.9,56.0,117.0,363.0,363.0,Stockout Risk,Standard Replenishment Review
85093,CANDY SPOT EGG WARMER HARE,Regular,59.0,69,21,0.9,122.0,164.0,354.0,354.0,Stockout Risk,Standard Replenishment Review
21066,VINTAGE RED MUG,Regular,58.416666666666664,86,7,0.9,84.0,98.0,351.0,351.0,Stockout Risk,Standard Replenishment Review
22334,DINOSAUR PARTY BAG + STICKER SET,Regular,58.25,14,14,0.9,38.0,66.0,350.0,350.0,Stockout Risk,Standard Replenishment Review
82613D,METAL SIGN CUPCAKE SINGLE HOOK,Regular,57.916666666666664,11,7,0.9,70.0,84.0,348.0,348.0,Stockout Risk,Standard Replenishment Review
16169M,WRAP DAISY CARPET,Regular,57.72727272727273,1,7,0.9,23.0,37.0,347.0,347.0,Stockout Risk,Standard Replenishment Review
85202,HANGING WOOD AND FELT HEART,Regular,56.0,112,30,0.9,103.0,159.0,336.0,336.0,Stockout Risk,Standard Replenishment Review
23025,DRAWER KNOB VINTAGE GLASS BALL,Regular,55.333333333333336,8,30,0.9,47.0,103.0,332.0,332.0,Stockout Risk,Standard Replenishment Review
23532,WALL ART WORK REST AND PLAY,Regular,98.0,0,7,0.9,64.0,87.0,330.0,330.0,Stockout Risk,Standard Replenishment Review
22811,SET OF 6 T-LIGHTS CACTI,Regular,60.083333333333336,15,14,0.9,56.0,85.0,327.0,327.0,Stockout Risk,Standard Replenishment Review
79190B,RETRO PLASTIC POLKA TRAY,Regular,53.916666666666664,115,30,0.9,111.0,165.0,324.0,324.0,Stockout Risk,Standard Replenishment Review
21125,SET 6 FOOTBALL CELEBRATION CANDLES,Regular,53.666666666666664,84,30,0.9,43.0,97.0,322.0,322.0,Stockout Risk,Standard Replenishment Review
79337,BLUE FLOCK GLASS CANDLEHOLDER,Regular,53.666666666666664,72,14,0.9,84.0,110.0,322.0,322.0,Stockout Risk,Standard Replenishment Review
22524,CHILDRENS GARDEN GLOVES BLUE,Regular,53.5,94,21,0.9,69.0,107.0,321.0,321.0,Stockout Risk,Standard Replenishment Review
21616,4 PEAR BOTANICAL DINNER CANDLES,Regular,63.666666666666664,88,7,0.9,83.0,98.0,315.0,315.0,Stockout Risk,Standard Replenishment Review
22575,METAL MERRY CHRISTMAS WREATH,Regular,52.916666666666664,64,21,0.9,78.0,116.0,310.0,310.0,Stockout Risk,Standard Replenishment Review
20735,BLACK MINI TAPE MEASURE,Regular,51.416666666666664,54,30,0.9,79.0,131.0,309.0,309.0,Stockout Risk,Standard Replenishment Review
21452,TOADSTOOL MONEY BOX,Regular,65.33333333333333,0,14,0.9,29.0,60.0,309.0,309.0,Stockout Risk,Standard Replenishment Review
21556,CERAMIC STRAWBERRY MONEY BOX,Regular,81.41666666666667,291,45,0.9,205.0,328.0,306.0,306.0,Stockout Risk,Standard Replenishment Review
22521,CHILDS GARDEN TROWEL PINK,Regular,50.75,113,21,0.9,85.0,121.0,305.0,305.0,Stockout Risk,Standard Replenishment Review
22081,RIBBON REEL FLORA + FAUNA,Regular,49.916666666666664,0,21,0.9,24.0,59.0,300.0,300.0,Stockout Risk,Standard Replenishment Review
21898,POTTING SHED ROSE CANDLE,Regular,49.3,58,7,0.9,78.0,90.0,296.0,296.0,Stockout Risk,Standard Replenishment Review
47021G,SET/6 BEAD COASTERS GAUZE BAG GOLD,Regular,48.5,29,7,0.9,61.0,73.0,291.0,291.0,Stockout Risk,Standard Replenishment Review
84926A,WAKE UP COCKEREL TILE COASTER,Regular,48.333333333333336,142,45,0.9,107.0,180.0,290.0,290.0,Stockout Risk,Standard Replenishment Review
22232,JIGSAW TOADSTOOLS 3 PIECE,Regular,48.083333333333336,36,21,0.9,42.0,76.0,289.0,289.0,Stockout Risk,Standard Replenishment Review
90058B,CRYSTAL STUD EARRINGS ASSORTED COL,Regular,48.0,36,14,0.9,72.0,95.0,288.0,288.0,Stockout Risk,Standard Replenishment Review
21126,SET OF 6 GIRLS CELEBRATION CANDLES,Regular,47.333333333333336,0,14,0.9,15.0,38.0,284.0,284.0,Stockout Risk,Standard Replenishment Review
21454,PAINTED PINK RABBIT,Regular,47.083333333333336,0,7,0.9,38.0,49.0,283.0,283.0,Stockout Risk,Standard Replenishment Review
22229,BUNNY WOODEN PAINTED WITH FLOWER,Regular,47.083333333333336,0,7,0.9,28.0,39.0,283.0,283.0,Stockout Risk,Standard Replenishment Review
72598,SET/12 TAPER CANDLES,Regular,46.583333333333336,144,45,0.9,109.0,179.0,280.0,280.0,Stockout Risk,Standard Replenishment Review
23152,IVORY SWEETHEART WIRE LETTER RACK,Regular,68.375,104,45,0.9,53.0,156.0,279.0,279.0,Stockout Risk,Standard Replenishment Review
85106,CUT GLASS HEXAGON T-LIGHT HOLDER,Regular,54.083333333333336,239,45,0.9,229.0,311.0,279.0,279.0,Stockout Risk,Standard Replenishment Review
23139,SINGLE WIRE HOOK PINK HEART,Regular,46.25,79,14,0.9,82.0,104.0,278.0,278.0,Stockout Risk,Standard Replenishment Review
23357,HOT WATER BOTTLE SEX BOMB,Regular,91.75,214,45,0.9,103.0,241.0,276.0,276.0,Stockout Risk,Standard Replenishment Review
23423,PANTRY 3 HOOK ROLLING PIN HANGER,Regular,69.66666666666667,72,21,0.9,32.0,81.0,276.0,276.0,Stockout Risk,Standard Replenishment Review
85049D,BRIGHT BLUES RIBBONS,Regular,45.75,63,21,0.9,50.0,83.0,275.0,275.0,Stockout Risk,Standard Replenishment Review
23164,REGENCY CAKE SLICE,Regular,81.57142857142857,0,7,0.9,26.0,46.0,274.0,274.0,Stockout Risk,Standard Replenishment Review
23470,CARD HOLDER LOVE BIRD LARGE,Regular,109.0,49,7,0.9,29.0,55.0,271.0,271.0,Stockout Risk,Standard Replenishment Review
22354,RETROSPOT PADDED SEAT CUSHION,Regular,62.416666666666664,49,14,0.9,25.0,55.0,269.0,269.0,Stockout Risk,Standard Replenishment Review
21557,SET OF 6 FUNKY BEAKERS,Regular,45.0,20,7,0.9,37.0,48.0,264.0,264.0,Stockout Risk,Standard Replenishment Review
85054,FRENCH ENAMEL POT W LID,Regular,48.833333333333336,94,30,0.9,71.0,120.0,264.0,264.0,Stockout Risk,Standard Replenishment Review
21062,PARTY INVITES SPACEMAN,Regular,43.833333333333336,0,21,0.9,23.0,54.0,263.0,263.0,Stockout Risk,Standard Replenishment Review
37450,CERAMIC CAKE BOWL + HANGING CAKES,Regular,59.166666666666664,34,21,0.9,34.0,76.0,261.0,261.0,Stockout Risk,Standard Replenishment Review
22085,PAPER CHAIN KIT SKULLS,Regular,44.75,20,14,0.9,28.0,49.0,260.0,260.0,Stockout Risk,Standard Replenishment Review
82599,FANNY'S REST STOPMETAL SIGN,Regular,42.333333333333336,79,21,0.9,62.0,92.0,254.0,254.0,Stockout Risk,Standard Replenishment Review
84032B,CHARLIE + LOLA RED HOT WATER BOTTLE,Regular,49.5,46,14,0.9,57.0,81.0,247.0,247.0,Stockout Risk,Standard Replenishment Review
85114B,IVORY ENCHANTED FOREST PLACEMAT,Regular,40.916666666666664,15,14,0.9,27.0,47.0,246.0,246.0,Stockout Risk,Standard Replenishment Review
21617,4 LILY  BOTANICAL DINNER CANDLES,Regular,43.75,49,21,0.9,61.0,92.0,239.0,239.0,Stockout Risk,Standard Replenishment Review
22217,T-LIGHT HOLDER HANGING LACE,Regular,39.5,0,7,0.9,17.0,27.0,237.0,237.0,Stockout Risk,Standard Replenishment Review
21065,BOOM BOX SPEAKER GIRLS,Regular,44.916666666666664,0,7,0.9,33.0,44.0,234.0,234.0,Stockout Risk,Standard Replenishment Review
20868,SILVER FABRIC MIRROR,Regular,37.583333333333336,105,21,0.9,84.0,111.0,226.0,226.0,Stockout Risk,Standard Replenishment Review
22990,COTTON APRON PANTRY DESIGN,Regular,40.8,41,21,0.9,23.0,52.0,225.0,225.0,Stockout Risk,Standard Replenishment Review
22107,PIZZA PLATE IN BOX,Regular,37.833333333333336,98,30,0.9,62.0,100.0,220.0,220.0,Stockout Risk,Standard Replenishment Review
23106,ZINC HEARTS PLANT POT HOLDER,Regular,36.57142857142857,0,7,0.9,9.0,18.0,220.0,220.0,Stockout Risk,Standard Replenishment Review
21446,12 RED ROSE PEG PLACE SETTINGS,Regular,36.416666666666664,35,14,0.9,23.0,40.0,219.0,219.0,Stockout Risk,Standard Replenishment Review
23413,VINTAGE COFFEE GRINDER BOX,Regular,48.0,15,21,0.9,15.0,49.0,217.0,217.0,Stockout Risk,Standard Replenishment Review
17136A,BLUE STONES ON WIRE FOR CANDLE,Regular,35.2,0,14,0.9,30.0,47.0,212.0,212.0,Stockout Risk,Standard Replenishment Review
22519,CHILDS GARDEN BRUSH PINK,Regular,34.25,9,7,0.9,22.0,30.0,206.0,206.0,Stockout Risk,Standard Replenishment Review
23540,WALL ART THE MAGIC FOREST,Regular,74.5,96,21,0.9,101.0,154.0,204.0,204.0,Stockout Risk,Standard Replenishment Review
23479,WIRE EGG BASKET,Regular,52.5,58,21,0.9,38.0,75.0,200.0,200.0,Stockout Risk,Standard Replenishment Review
21411,GINGHAM HEART  DOORSTOP RED,Regular,39.833333333333336,33,21,0.9,19.0,47.0,199.0,199.0,Stockout Risk,Standard Replenishment Review
22123,PING MICROWAVE APRON,Regular,33.083333333333336,2,30,0.9,25.0,59.0,199.0,199.0,Stockout Risk,Standard Replenishment Review
21666,RIDGED GLASS T-LIGHT HOLDER,Regular,32.333333333333336,0,14,0.9,25.0,41.0,194.0,194.0,Stockout Risk,Standard Replenishment Review
22425,ENAMEL COLANDER CREAM,Regular,37.583333333333336,52,45,0.9,20.0,77.0,194.0,194.0,Stockout Risk,Standard Replenishment Review
21060,PARTY INVITES BALLOON GIRL,Regular,32.166666666666664,23,21,0.9,14.0,37.0,193.0,193.0,Stockout Risk,Standard Replenishment Review
84356,POMPOM CURTAIN,Regular,33.666666666666664,10,7,0.9,18.0,26.0,189.0,189.0,Stockout Risk,Standard Replenishment Review
85049F,BABY BOOM RIBBONS,Regular,31.5,20,14,0.9,26.0,41.0,189.0,189.0,Stockout Risk,Standard Replenishment Review
85059,FRENCH ENAMEL WATER BASIN,Regular,33.916666666666664,60,14,0.9,45.0,61.0,188.0,188.0,Stockout Risk,Standard Replenishment Review
22589,CARDHOLDER GINGHAM STAR,Regular,30.166666666666668,66,30,0.9,59.0,90.0,181.0,181.0,Stockout Risk,Standard Replenishment Review
22199,FRYING PAN RED RETROSPOT,Regular,30.5,0,30,0.9,18.0,49.0,176.0,176.0,Stockout Risk,Standard Replenishment Review
23040,PAPER LANTERN 9 POINT SNOW STAR,Regular,28.875,5,14,0.9,40.0,54.0,174.0,174.0,Stockout Risk,Standard Replenishment Review
35915C,PEACH KNITTED HEN,Regular,28.636363636363637,37,14,0.9,47.0,61.0,172.0,172.0,Stockout Risk,Standard Replenishment Review
21719,LOVELY BONBON STICKER SHEET,Regular,28.416666666666668,4,21,0.9,19.0,39.0,171.0,171.0,Stockout Risk,Standard Replenishment Review
35965,FOLKART HEART NAPKIN RINGS,Regular,28.5,32,21,0.9,23.0,43.0,171.0,171.0,Stockout Risk,Standard Replenishment Review
23337,EGG FRYING PAN MINT,Regular,28.166666666666668,12,14,0.9,17.0,31.0,169.0,169.0,Stockout Risk,Standard Replenishment Review
22446,PIN CUSHION BABUSHKA PINK,Regular,27.5,8,14,0.9,28.0,41.0,165.0,165.0,Stockout Risk,Standard Replenishment Review
85169B,BLACK LOVE BIRD CANDLE,Regular,27.25,15,14,0.9,39.0,52.0,164.0,164.0,Stockout Risk,Standard Replenishment Review
17012A,ORIGAMI VANILLA INCENSE/CANDLE SET,Regular,26.5,0,7,0.9,17.0,24.0,159.0,159.0,Stockout Risk,Standard Replenishment Review
22105,MIRROR MOSAIC GOBLET CANDLE HOLDER,Regular,27.583333333333332,68,14,0.9,62.0,75.0,159.0,159.0,Stockout Risk,Standard Replenishment Review
21625,VINTAGE UNION JACK APRON,Regular,33.333333333333336,0,7,0.9,8.0,16.0,158.0,158.0,Stockout Risk,Standard Replenishment Review
15044C,PURPLE PAPER PARASOL,Regular,25.916666666666668,29,14,0.9,20.0,33.0,156.0,156.0,Stockout Risk,Standard Replenishment Review
82616C,MIDNIGHT GLAMOUR SCARF KNITTING KIT,Regular,25.583333333333332,24,21,0.9,29.0,47.0,154.0,154.0,Stockout Risk,Standard Replenishment Review
21683,MEDIUM MEDINA STAMPED METAL BOWL,Regular,25.333333333333332,4,14,0.9,16.0,28.0,152.0,152.0,Stockout Risk,Standard Replenishment Review
72122,COFFEE SCENT PILLAR CANDLE,Regular,25.25,19,14,0.9,18.0,30.0,152.0,152.0,Stockout Risk,Standard Replenishment Review
23414,ZINC BOX SIGN HOME,Regular,45.666666666666664,25,14,0.9,7.0,29.0,149.0,149.0,Stockout Risk,Standard Replenishment Review
22073,RED RETROSPOT STORAGE JAR,Regular,27.0,0,7,0.9,24.0,31.0,147.0,147.0,Stockout Risk,Standard Replenishment Review
22183,CAKE STAND VICTORIAN FILIGREE MED,Regular,26.75,23,7,0.9,19.0,26.0,146.0,146.0,Stockout Risk,Standard Replenishment Review
84691,PACK 20 DOLLY PEGS,Regular,24.2,62,30,0.9,50.0,75.0,146.0,146.0,Stockout Risk,Standard Replenishment Review
22912,YELLOW COAT RACK PARIS FASHION,Regular,23.916666666666668,59,45,0.9,33.0,69.0,144.0,144.0,Stockout Risk,Standard Replenishment Review
22317,FIVE CATS HANGING DECORATION,Regular,23.833333333333332,38,30,0.9,34.0,58.0,143.0,143.0,Stockout Risk,Standard Replenishment Review
21441,BLUE BIRDHOUSE DECORATION,Regular,23.416666666666668,62,45,0.9,29.0,65.0,141.0,141.0,Stockout Risk,Standard Replenishment Review
22405,MONEY BOX POCKET MONEY DESIGN,Regular,22.75,7,7,0.9,6.0,12.0,137.0,137.0,Stockout Risk,Standard Replenishment Review
21698,MOCK LOBSTER FRIDGE MAGNET,Regular,22.25,9,21,0.9,25.0,41.0,134.0,134.0,Stockout Risk,Standard Replenishment Review
84849B,FAIRY SOAP SOAP HOLDER,Regular,22.166666666666668,0,14,0.9,22.0,33.0,133.0,133.0,Stockout Risk,Standard Replenishment Review
21820,GLITTER HEART GARLAND WITH BELLS,Regular,23.75,19,21,0.9,40.0,57.0,131.0,131.0,Stockout Risk,Standard Replenishment Review
47563A,RETRO LONGBOARD IRONING BOARD COVER,Regular,21.75,20,30,0.9,23.0,45.0,131.0,131.0,Stockout Risk,Standard Replenishment Review
21042,RED RETROSPOT APRON,Regular,27.333333333333332,10,21,0.9,18.0,38.0,130.0,130.0,Stockout Risk,Standard Replenishment Review
84559B,3D SHEET OF CAT STICKERS,Regular,21.666666666666668,40,30,0.9,26.0,48.0,130.0,130.0,Stockout Risk,Standard Replenishment Review
85088,CANDY SPOT HAND BAG,Regular,21.583333333333332,8,14,0.9,21.0,32.0,130.0,130.0,Stockout Risk,Standard Replenishment Review
20619,TROPICAL PASSPORT COVER,Regular,21.5,9,30,0.9,20.0,42.0,129.0,129.0,Stockout Risk,Standard Replenishment Review
84051,ASS COLOUR GLOWING TIARAS,Regular,21.416666666666668,17,14,0.9,33.0,43.0,129.0,129.0,Stockout Risk,Standard Replenishment Review
21426,WOODLAND STORAGE BOX SMALL,Regular,21.25,13,7,0.9,15.0,20.0,128.0,128.0,Stockout Risk,Standard Replenishment Review
22162,HEART GARLAND RUSTIC PADDED,Regular,21.333333333333332,52,30,0.9,40.0,62.0,128.0,128.0,Stockout Risk,Standard Replenishment Review
23140,TRIPLE WIRE HOOK IVORY HEART,Regular,21.25,26,21,0.9,15.0,30.0,128.0,128.0,Stockout Risk,Standard Replenishment Review
79190D,RETRO PLASTIC DAISY TRAY,Regular,20.833333333333332,1,7,0.9,8.0,13.0,125.0,125.0,Stockout Risk,Standard Replenishment Review
22928,YELLOW GIANT GARDEN THERMOMETER,Regular,22.833333333333332,4,7,0.9,14.0,20.0,121.0,121.0,Stockout Risk,Standard Replenishment Review
21205,MULTICOLOUR 3D BALLS GARLAND,Regular,20.0,19,21,0.9,14.0,28.0,120.0,120.0,Stockout Risk,Standard Replenishment Review
22270,HAPPY EASTER HANGING DECORATION,Regular,19.916666666666668,32,21,0.9,30.0,44.0,120.0,120.0,Stockout Risk,Standard Replenishment Review
22414,DOORMAT NEIGHBOURHOOD WITCH,Regular,21.75,22,14,0.9,28.0,39.0,120.0,120.0,Stockout Risk,Standard Replenishment Review
21089,SET/6 GREEN SPRING PAPER CUPS,Regular,19.416666666666668,14,14,0.9,28.0,38.0,117.0,117.0,Stockout Risk,Standard Replenishment Review
21739,COSY SLIPPER SHOES SMALL GREEN,Regular,19.25,63,45,0.9,36.0,65.0,116.0,116.0,Stockout Risk,Standard Replenishment Review
23021,GLASS BONNE JAM JAR,Regular,19.333333333333332,0,14,0.9,12.0,22.0,116.0,116.0,Stockout Risk,Standard Replenishment Review
21613,S/12 VANILLA  BOTANICAL T-LIGHTS,Regular,18.916666666666668,37,30,0.9,26.0,45.0,114.0,114.0,Stockout Risk,Standard Replenishment Review
84279B,CHERRY BLOSSOM DECORATIVE FLASK,Regular,18.6,27,14,0.9,21.0,30.0,112.0,112.0,Stockout Risk,Standard Replenishment Review
84916,HAND TOWEL PALE BLUE W FLOWERS,Regular,18.583333333333332,30,21,0.9,49.0,63.0,112.0,112.0,Stockout Risk,Standard Replenishment Review
84509B,SET OF 4 FAIRY CAKE PLACEMATS,Regular,17.75,46,45,0.9,23.0,50.0,107.0,107.0,Stockout Risk,Standard Replenishment Review
21696,SMALL SILVER TRELLIS CANDLEPOT,Regular,17.666666666666668,10,21,0.9,13.0,26.0,106.0,106.0,Stockout Risk,Standard Replenishment Review
23072,MARIE ANTOINETTE TRINKET BOX SILVER,Regular,37.42857142857143,64,14,0.9,75.0,93.0,102.0,102.0,Stockout Risk,Standard Replenishment Review
84748,FOLK FELT HANGING MULTICOL GARLAND,Regular,17.0,33,21,0.9,35.0,47.0,102.0,102.0,Stockout Risk,Standard Replenishment Review
22936,BAKING MOULD ROSE WHITE CHOCOLATE,Regular,16.75,11,14,0.9,21.0,29.0,101.0,101.0,Stockout Risk,Standard Replenishment Review
21458,2 PICTURE BOOK EGGS EASTER BUNNY,Regular,16.545454545454547,21,14,0.9,23.0,31.0,100.0,100.0,Stockout Risk,Standard Replenishment Review
51020B,STRIPY DESIGN SHOWER CAP,Regular,16.416666666666668,23,14,0.9,44.0,52.0,99.0,99.0,Stockout Risk,Standard Replenishment Review
21147,JINGLE BELLS TREE DECORATION,Regular,16.333333333333332,27,14,0.9,24.0,32.0,98.0,98.0,Stockout Risk,Standard Replenishment Review
35914,PINK CHICK EGG WARMER + EGG CUP,Regular,16.25,31,14,0.9,27.0,35.0,98.0,98.0,Stockout Risk,Standard Replenishment Review
22517,CHILDS GARDEN RAKE PINK,Regular,16.083333333333332,45,45,0.9,23.0,48.0,97.0,97.0,Stockout Risk,Standard Replenishment Review
22640,SET OF 4 NAPKIN CHARMS 3 KEYS,Regular,16.083333333333332,6,21,0.9,18.0,30.0,97.0,97.0,Stockout Risk,Standard Replenishment Review
18094C,WHITE AND BLUE CERAMIC OIL BURNER,Regular,16.0,13,14,0.9,14.0,22.0,96.0,96.0,Stockout Risk,Standard Replenishment Review
21248,DOOR HANGER  MUM + DADS ROOM,Regular,15.916666666666666,6,21,0.9,16.0,28.0,96.0,96.0,Stockout Risk,Standard Replenishment Review
72128,COLUMBIAN CANDLE ROUND,Regular,15.916666666666666,0,7,0.9,11.0,15.0,96.0,96.0,Stockout Risk,Standard Replenishment Review
10120,DOGGY RUBBER,Regular,15.5,12,14,0.9,15.0,23.0,93.0,93.0,Stockout Risk,Standard Replenishment Review
23094,LE GRAND TRAY CHIC SET,Regular,21.571428571428573,0,14,0.9,9.0,20.0,93.0,93.0,Stockout Risk,Standard Replenishment Review
23579,SNACK TRAY I LOVE LONDON,Regular,15.5,23,30,0.9,16.0,32.0,93.0,93.0,Stockout Risk,Standard Replenishment Review
21408,SPOTTY PINK DUCK DOORSTOP,Regular,14.916666666666666,1,21,0.9,10.0,21.0,90.0,90.0,Stockout Risk,Standard Replenishment Review
15058B,PINK POLKADOT GARDEN PARASOL,Regular,19.0,6,14,0.9,23.0,32.0,89.0,89.0,Stockout Risk,Standard Replenishment Review
84673B,BLUE FLY SWAT,Regular,14.833333333333334,8,14,0.9,14.0,21.0,89.0,89.0,Stockout Risk,Standard Replenishment Review
84799,SPRIG LAVENDER ARTIFICIAL FLOWER,Regular,14.666666666666666,18,14,0.9,26.0,33.0,88.0,88.0,Stockout Risk,Standard Replenishment Review
21808,"CHRISTMAS GARLAND STARS,TREES",Regular,14.5,14,14,0.9,22.0,29.0,87.0,87.0,Stockout Risk,Standard Replenishment Review
21087,SET/6 POSIES PAPER CUPS,Regular,14.1,17,14,0.9,23.0,30.0,85.0,85.0,Stockout Risk,Standard Replenishment Review
21849,SILVER DIAMANTE PEN IN GIFT BOX,Regular,14.166666666666666,0,7,0.9,13.0,17.0,85.0,85.0,Stockout Risk,Standard Replenishment Review
22889,NUMBER TILE VINTAGE FONT NO,Regular,14.0,11,7,0.9,18.0,22.0,84.0,84.0,Stockout Risk,Standard Replenishment Review
84843,WHITE SOAP RACK WITH 2 BOTTLES,Regular,13.916666666666666,19,21,0.9,15.0,25.0,84.0,84.0,Stockout Risk,Standard Replenishment Review
23073,GEORGIAN TRINKET BOX,Regular,17.25,18,14,0.9,12.0,21.0,82.0,82.0,Stockout Risk,Standard Replenishment Review
37479P,CUBIC MUG FLOCK PINK ON BROWN,Regular,13.583333333333334,26,45,0.9,23.0,44.0,82.0,82.0,Stockout Risk,Standard Replenishment Review
71495B,CD WALL TIDY RED FLOWERS,Regular,13.583333333333334,25,21,0.9,23.0,33.0,82.0,82.0,Stockout Risk,Standard Replenishment Review
21319,GLASS CHALICE GREEN  SMALL,Regular,13.416666666666666,29,14,0.9,23.0,30.0,81.0,81.0,Stockout Risk,Standard Replenishment Review
21973,SET OF 36 MUSHROOM PAPER DOILIES,Regular,13.25,23,45,0.9,27.0,47.0,80.0,80.0,Stockout Risk,Standard Replenishment Review
37467,PIG MUG IN TWO COLOUR DESIGNS,Regular,13.25,0,7,0.9,10.0,14.0,80.0,80.0,Stockout Risk,Standard Replenishment Review
21367,MIRRORED WALL ART GENTS,Regular,13.166666666666666,14,21,0.9,17.0,27.0,79.0,79.0,Stockout Risk,Standard Replenishment Review
23104,IVORY CAFE HANGING LAMP,Regular,15.857142857142858,15,14,0.9,14.0,22.0,79.0,79.0,Stockout Risk,Standard Replenishment Review
40003,WHITE BAMBOO RIBS LAMPSHADE,Regular,12.916666666666666,3,7,0.9,17.0,21.0,78.0,78.0,Stockout Risk,Standard Replenishment Review
22832,BROCANTE SHELF WITH HOOKS,Regular,13.166666666666666,13,21,0.9,12.0,22.0,77.0,77.0,Stockout Risk,Standard Replenishment Review
21707,FOLDING UMBRELLA BLACKBLUE POLKADOT,Regular,12.666666666666666,0,21,0.9,11.0,20.0,76.0,76.0,Stockout Risk,Standard Replenishment Review
21468,BUTTERFLY CROCHET FOOD COVER,Regular,12.333333333333334,1,14,0.9,11.0,17.0,74.0,74.0,Stockout Risk,Standard Replenishment Review
72799F,IVORY PILLAR CANDLE GOLD FLOCK,Regular,12.0,0,14,0.9,9.0,15.0,72.0,72.0,Stockout Risk,Standard Replenishment Review
20681,PINK POLKADOT CHILDRENS UMBRELLA,Regular,11.583333333333334,15,14,0.9,18.0,24.0,70.0,70.0,Stockout Risk,Standard Replenishment Review
22118,JOY WOODEN BLOCK LETTERS,Regular,11.666666666666666,8,21,0.9,14.0,23.0,70.0,70.0,Stockout Risk,Standard Replenishment Review
21285,RETROSPOT CANDLE  MEDIUM,Regular,11.333333333333334,0,14,0.9,11.0,17.0,68.0,68.0,Stockout Risk,Standard Replenishment Review
72131,COLUMBIAN CANDLE RECTANGLE,Regular,11.333333333333334,22,14,0.9,26.0,32.0,68.0,68.0,Stockout Risk,Standard Replenishment Review
84931A,PINK SCOTTIE DOG W FLOWER PATTERN,Regular,11.083333333333334,0,7,0.9,8.0,11.0,67.0,67.0,Stockout Risk,Standard Replenishment Review
37479B,CUBIC MUG FLOCK BLUE ON BROWN,Regular,10.916666666666666,28,30,0.9,28.0,39.0,66.0,66.0,Stockout Risk,Standard Replenishment Review
71496A,A4 WALL TIDY BLUE OFFICE,Regular,10.583333333333334,9,14,0.9,17.0,22.0,64.0,64.0,Stockout Risk,Standard Replenishment Review
84247L,FAWN AND MUSHROOM GREETING CARD,Regular,10.666666666666666,28,14,0.9,24.0,29.0,64.0,64.0,Stockout Risk,Standard Replenishment Review
21095,SET/6 POSIES PAPER PLATES,Regular,10.416666666666666,7,14,0.9,13.0,18.0,63.0,63.0,Stockout Risk,Standard Replenishment Review
21826,EIGHT PIECE DINOSAUR SET,Regular,10.416666666666666,0,7,0.9,13.0,16.0,63.0,63.0,Stockout Risk,Standard Replenishment Review
84968E,SET OF 16 VINTAGE BLACK CUTLERY,Regular,11.333333333333334,0,7,0.9,9.0,12.0,60.0,60.0,Stockout Risk,Standard Replenishment Review
21293,MIRRORED DOVE WALL DECORATION,Regular,9.583333333333334,11,21,0.9,12.0,19.0,58.0,58.0,Stockout Risk,Standard Replenishment Review
21265,PINK GOOSE FEATHER TREE 60CM,Regular,9.416666666666666,3,7,0.9,8.0,11.0,57.0,57.0,Stockout Risk,Standard Replenishment Review
22108,PING! MICROWAVE PLATE,Regular,9.25,13,21,0.9,11.0,18.0,56.0,56.0,Stockout Risk,Standard Replenishment Review
84823,DANISH ROSE FOLDING CHAIR,Regular,9.333333333333334,31,30,0.9,37.0,47.0,56.0,56.0,Stockout Risk,Standard Replenishment Review
17090A,LAVENDER INCENSE 40 CONES IN TIN,Regular,9.083333333333334,10,14,0.9,13.0,18.0,55.0,55.0,Stockout Risk,Standard Replenishment Review
22408,MONEY BOX CONFECTIONERY DESIGN,Regular,9.083333333333334,18,45,0.9,16.0,30.0,55.0,55.0,Stockout Risk,Standard Replenishment Review
84744,S/6 SEW ON CROCHET FLOWERS,Regular,9.166666666666666,4,7,0.9,8.0,11.0,55.0,55.0,Stockout Risk,Standard Replenishment Review
90030B,RED KUKUI COCONUT SEED NECKLACE,Regular,9.083333333333334,7,7,0.9,8.0,11.0,55.0,55.0,Stockout Risk,Standard Replenishment Review
21647,ASSORTED TUTTI FRUTTI LARGE PURSE,Regular,8.833333333333334,17,21,0.9,13.0,20.0,53.0,53.0,Stockout Risk,Standard Replenishment Review
22882,NUMBER TILE VINTAGE FONT 3,Regular,8.75,0,14,0.9,9.0,14.0,53.0,53.0,Stockout Risk,Standard Replenishment Review
20765,CHRYSANTHEMUM SKETCHBOOK,Regular,8.416666666666666,17,45,0.9,5.0,18.0,51.0,51.0,Stockout Risk,Standard Replenishment Review
85135C,RED DRAGONFLY HELICOPTER,Regular,7.833333333333333,9,30,0.9,15.0,23.0,47.0,47.0,Stockout Risk,Standard Replenishment Review
22509,SEWING BOX RETROSPOT DESIGN,Regular,6.833333333333333,0,14,0.9,5.0,9.0,41.0,41.0,Stockout Risk,Standard Replenishment Review
90087,CRYSTAL SEA HORSE PHONE CHARM,Regular,2.9166666666666665,0,7,0.9,3.0,4.0,18.0,18.0,Stockout Risk,Standard Replenishment Review
