stock_code,description,sku_class,warehouse_strategy,current_inventory,max_stock_level,excess_units,inventory_coverage_days,unit_cost,estimated_inventory_value,overstock_capital_exposure
22833,HALL CABINET WITH 3 DRAWERS,Long-Tail,Overstock Review / Reduce Replenishment,65,44.0,21.0,307.89473684210526,22.7,1475.5,476.7
23430,BLUE RETRO KITCHEN WALL CLOCK,Long-Tail,Overstock Review / Reduce Replenishment,228,120.0,102.0,325.7142857142857,4.58,1044.24,467.16
85163B,BLACK BAROQUE WALL CLOCK,Long-Tail,Overstock Review / Reduce Replenishment,101,54.0,47.0,438.0722891566265,8.09,817.09,380.23
23056,FLOWERS CHANDELIER T-LIGHT HOLDER,Regular,Overstock Review / Reduce Replenishment,442,338.0,79.75,219.62732919254657,4.19,1851.98,334.15
22473,TV DINNER TRAY VINTAGE PAISLEY,Regular,Overstock Review / Reduce Replenishment,379,273.0,106.0,295.9652928416486,2.97,1125.63,314.82
23315,IVORY REFECTORY CLOCK,Regular,Overstock Review / Reduce Replenishment,243,185.0,50.0,226.6321243523316,6.23,1513.89,311.5
22933,BAKING MOULD EASTER EGG MILK CHOC,Regular,Overstock Review / Reduce Replenishment,570,409.0,161.0,262.4040920716112,1.86,1060.2,299.46
22471,TV DINNER TRAY AIR HOSTESS,Regular,Overstock Review / Reduce Replenishment,275,187.0,88.0,269.7547683923706,3.23,888.25,284.24
23459,DOLLY CABINET 2 DRAWERS,Long-Tail,Overstock Review / Reduce Replenishment,117,80.0,37.0,270.0,7.53,881.01,278.61
21619,4 VANILLA BOTANICAL CANDLES,Regular,Overstock Review / Reduce Replenishment,710,521.0,189.0,282.43093922651934,1.44,1022.4,272.16
22914,BLUE COAT RACK PARIS FASHION,Regular,Overstock Review / Reduce Replenishment,333,241.0,92.0,261.1764705882353,2.94,979.02,270.48
23381,PACK OF 12 VINTAGE LEAF TISSUES,Regular,Overstock Review / Reduce Replenishment,4508,3158.0,1350.0,286.7279151943463,0.2,901.6,270.0
85180A,RED HEARTS LIGHT CHAIN,Regular,Overstock Review / Reduce Replenishment,448,329.0,119.0,325.16129032258067,2.23,999.04,265.37
23418,LAVENDER TOILETTE BOTTLE,Regular,Overstock Review / Reduce Replenishment,1232,959.0,182.0,211.2,1.45,1786.4,263.9
23115,RED APPLES CHOPPING BOARD,Regular,Overstock Review / Reduce Replenishment,372,275.0,92.0,239.1428571428571,2.84,1056.48,261.28
23472,NINE DRAWER OFFICE TIDY,Long-Tail,Overstock Review / Reduce Replenishment,192,150.0,42.0,230.4,6.16,1182.72,258.72
22675,FRENCH KITCHEN SIGN BLUE METAL,Regular,Overstock Review / Reduce Replenishment,849,566.0,272.0,264.85268630849214,0.95,806.55,258.4
22441,GROW YOUR OWN BASIL IN ENAMEL MUG,Regular,Overstock Review / Reduce Replenishment,715,548.0,167.0,260.5263157894737,1.54,1101.1,257.18
22332,SKULLS PARTY BAG + STICKER SET,Regular,Overstock Review / Reduce Replenishment,786,534.0,252.0,278.77832512315274,1.02,801.72,257.04
84660C,PINK STITCHED WALL CLOCK,Regular,Overstock Review / Reduce Replenishment,559,430.0,129.0,296.37702503681885,1.98,1106.82,255.42
37500,TEA TIME TEAPOT IN GIFT BOX,Regular,Overstock Review / Reduce Replenishment,264,186.0,78.0,261.0989010989011,3.25,858.0,253.5
22093,MOTORING TISSUE BOX,Regular,Overstock Review / Reduce Replenishment,1786,1322.0,464.0,362.6395939086295,0.54,964.44,250.56
23462,ROCOCO WALL MIRROR WHITE,Long-Tail,Overstock Review / Reduce Replenishment,228,125.0,27.0,204.17910447761193,9.15,2086.2,247.05
22927,GREEN GIANT GARDEN THERMOMETER,Regular,Overstock Review / Reduce Replenishment,310,232.0,78.0,262.5882352941176,3.16,979.6,246.48
23214,JINGLE BELL HEART ANTIQUE GOLD,Regular,Overstock Review / Reduce Replenishment,1052,803.0,249.0,252.48,0.98,1030.96,244.02
