stock_code,description,sku_class,warehouse_strategy,avg_monthly_units,current_inventory,reorder_point,stockout_shortfall_units,recommended_replenishment_qty,avg_unit_price,stockout_revenue_exposure
23344,JUMBO BAG 50'S CHRISTMAS,High-Revenue Priority,Local Warehouse Priority,1491.6666666666667,3100,3562.0,462.0,1572.0,2.6110981655702603,1206.33
85099F,JUMBO BAG STRAWBERRY,High-Revenue Priority,Local Warehouse Priority,1396.5,592,1055.0,463.0,1869.0,2.4225125683741933,1121.62
22699,ROSES REGENCY TEACUP AND SAUCER,High-Revenue Priority,Local Warehouse Priority,779.9166666666666,1125,1413.0,288.0,1026.0,3.712871591116032,1069.31
23170,REGENCY TEA PLATE ROSES,High-Revenue Priority,Local Warehouse Priority,945.5714285714286,691,1160.0,469.0,1580.0,2.1729805356690335,1019.13
23541,WALL ART CLASSIC PUDDINGS,High-Revenue Priority,Local Warehouse Priority,431.0,353,437.0,84.0,435.0,11.642272988505749,977.95
22726,ALARM CLOCK BAKELIKE GREEN,High-Revenue Priority,Local Warehouse Priority,502.0,469,668.0,199.0,689.0,4.802084888882237,955.61
23343,JUMBO BAG VINTAGE CHRISTMAS,High-Revenue Priority,Local Warehouse Priority,840.1666666666666,2143,2501.0,358.0,1435.0,2.577391458480402,922.71
84029E,RED WOOLLY HOTTIE WHITE HEART.,High-Revenue Priority,Local Warehouse Priority,359.75,870,1017.0,147.0,548.0,6.1057050084321,897.54
22720,SET OF 3 CAKE TINS PANTRY DESIGN,High-Revenue Priority,Local Warehouse Priority,607.4166666666666,1223,1370.0,147.0,677.0,5.958717883912276,875.93
20726,LUNCH BAG WOODLAND,High-Revenue Priority,Local Warehouse Priority,804.3333333333334,1012,1403.0,391.0,1308.0,2.192309259459885,857.19
21166,COOK WITH WINE METAL SIGN,High-Revenue Priority,Local Warehouse Priority,783.0,1548,1875.0,327.0,1365.0,2.5828442172703068,844.59
84879,ASSORTED COLOUR BIRD ORNAMENT,High-Revenue Priority,Local Warehouse Priority,2916.9166666666665,2993,3476.0,483.0,2660.0,1.7293871304680932,835.29
22666,RECIPE BOX PANTRY YELLOW DESIGN,High-Revenue Priority,Local Warehouse Priority,644.5833333333334,548,769.0,221.0,1067.0,3.7208378135533655,822.31
20728,LUNCH BAG CARS BLUE,High-Revenue Priority,Local Warehouse Priority,968.5833333333334,932,1308.0,376.0,1608.0,2.119479642274637,796.92
20914,SET/5 RED RETROSPOT LID GLASS BOWLS,High-Revenue Priority,Local Warehouse Priority,514.0,258,484.0,226.0,868.0,3.305799282470444,747.11
22427,ENAMEL FLOWER JUG CREAM,High-Revenue Priority,Local Warehouse Priority,172.91666666666666,29,141.0,112.0,396.0,6.642465925730756,743.96
21843,RED RETROSPOT CAKE STAND,High-Revenue Priority,Local Warehouse Priority,139.25,88,146.0,58.0,211.0,12.72615476489272,738.12
23171,REGENCY TEA PLATE GREEN,High-Revenue Priority,Local Warehouse Priority,863.5714285714286,1327,1634.0,307.0,1518.0,2.2118520954080982,679.04
21791,VINTAGE HEADS AND TAILS CARD GAME,High-Revenue Priority,Local Warehouse Priority,619.5833333333334,701,1151.0,450.0,1575.0,1.5072871421857477,678.28
23199,JUMBO BAG APPLES,High-Revenue Priority,Local Warehouse Priority,1755.75,3989,4246.0,257.0,1958.0,2.594383325755894,666.76
23388,WOODLAND MINI BACKPACK,High-Revenue Priority,Local Warehouse Priority,262.0,26,164.0,138.0,488.0,4.800358107088989,662.45
22698,PINK REGENCY TEACUP AND SAUCER,High-Revenue Priority,Local Warehouse Priority,455.5,174,346.0,172.0,822.0,3.7583440961855583,646.44
21485,RETROSPOT HEART HOT WATER BOTTLE,High-Revenue Priority,Local Warehouse Priority,279.25,464,578.0,114.0,430.0,5.65835433970839,645.05
22945,CHRISTMAS METAL TAGS ASSORTED,High-Turnover Volatile,Small-Batch Replenishment / Monitor Closely,233.25,193,428.0,235.0,637.0,2.725976369644848,640.6
22171,3 HOOK PHOTO SHELF ANTIQUE WHITE,High-Revenue Priority,Local Warehouse Priority,144.08333333333334,183,246.0,63.0,274.0,9.90952461306105,624.3
