stock_code,description_count,total_units,total_revenue
23236,4,2493,7059.97
23196,4,1872,2842.24
23413,3,173,909.3100000000001
23203,3,20485,42030.340000000004
23366,3,2249,1667.95
23231,3,7277,3008.34
17107D,3,170,433.5
23240,3,4177,17000.170000000002
22937,3,972,2563.24
23126,3,1109,5532.04
23396,3,654,2750.5299999999997
23244,3,936,1733.9799999999998
23370,3,1550,2151.6
23131,3,942,3835.9800000000005
23535,3,1324,8440.24
22776,3,1244,13078.779999999999
23209,3,13170,21418.82
71143,2,178,196.35999999999999
23438,2,1809,2209.92
22804,2,3131,8102.950000000001
23380,2,2344,983.5
23454,2,174,733.2
22812,2,1725,3608.2999999999997
23388,2,821,3432.09
23389,2,1115,4751.49
22813,2,2372,4640.78
23390,2,747,3025.59
23391,2,389,1628.17
20914,2,6361,18357.75
22285,2,870,1493.2499999999998
22286,2,1123,1022.4899999999999
21818,2,2737,1320.41
22287,2,794,716.8599999999999
23437,2,1939,2373.63
23436,2,1979,2367.39
21811,2,4850,2682.4
23402,2,296,1147.28
71053,2,1944,8419.32
22837,2,1173,5657.93
22849,2,323,5027.73
71477,2,6748,20650.66
22847,2,905,14389.34
23103,2,4072,6846.159999999999
23360,2,1182,2286.4
22896,2,1584,4043.3599999999997
22972,2,1795,3067.64
22965,2,1371,2910.61
79030G,2,1403,733.49
79051A,2,823,289.54999999999995
23299,2,1012,3772.88
20725,2,19432,35862.36
23298,2,8466,43148.18
23292,2,2181,2703.33
23456,2,158,634.1
22199,2,467,1926.59
22197,2,56898,51334.47
22985,2,3782,1500.44
22986,2,4105,1712.1
23283,2,994,7003.38
23282,2,812,757.86
79030D,2,581,350.22999999999996
22963,2,3290,2777.99
23306,2,2808,4123.38
22953,2,502,647.11
22952,2,16056,9512.07
22950,2,5209,7131.549999999999
22949,2,956,1417.55
21928,2,10468,21144.41
22939,2,469,2392.67
23324,2,399,816.0400000000001
23325,2,462,740.9399999999999
22932,2,884,2000.88
22246,2,431,962.77
21899,2,2679,1757.97
23342,2,373,3176.41
22268,2,2009,802.34
23359,2,990,1866.4599999999998
23455,2,207,569.4300000000001
23466,2,55,498.03
23457,2,112,549.88
21232,2,11842,16248.800000000001
22632,2,4468,8982.830000000002
22466,2,3069,5605.79
85144,2,220,582.7
84946,2,19209,25843.38
44235,2,538,200.04
21243,2,2285,3827.16
85184C,2,1652,2985.84
23691,2,1175,481.5
84906,2,35,123.02
85185B,2,297,900.3900000000001
47310M,2,410,570.4499999999999
22416,2,868,1210.82
23545,2,2480,1025.6
23543,2,1236,7010.76
85123A,2,37641,104462.75
84997A,2,2573,9933.880000000001
23462,2,80,1607.04
22502,2,1937,51408.770000000004
35817P,2,18,19.86
35916B,2,91,76.68
22584,2,2330,5946.96
21507,2,3320,1420.24
22595,2,6788,5720.21
22597,2,2821,1247.49
22602,2,2215,2023.87
84997B,2,4214,16045.970000000001
84997d,2,319,2657.79
84997c,2,284,2374.4399999999996
84997b,2,364,3052.9199999999996
84997a,2,106,878.7399999999999
84997D,2,5103,19728.2
84997C,2,3783,14497.03
23542,2,506,3800.16
23541,2,872,6823.91
23540,2,150,947.0600000000001
23484,2,185,547.35
23497,2,2558,3656.02
84828,2,1099,1536.3600000000001
23489,2,913,2709.23
90014A,2,27,217.59
90014B,2,17,158.73999999999998
90014C,2,5,43.199999999999996
21112,2,1359,2885.13
23539,2,247,1227.95
21109,2,936,2763.2
22777,2,352,2951.53
22778,2,808,3146.82
22785,2,245,1087.57
23280,2,2023,1614.16
23465,2,29,247.63
23502,2,714,896.41
22383,2,12518,22486.34
21175,2,12207,27029.97
23521,2,413,793.37
23522,2,354,727.4399999999999
23523,2,360,1173.8100000000002
23524,2,481,1557.63
23525,2,582,1863.8200000000002
23526,2,1012,6021.4
23527,2,420,1428.56
23528,2,479,1504.49
23529,2,637,2011.9900000000002
23530,2,1056,4436.27
22407,2,94,99.28
23534,2,1387,8608.9
23536,2,626,3442.13
23537,2,111,581.13
23281,2,1280,1000.82
71459,2,13605,10858.89
23081,2,483,4038.25
23057,2,773,1768.67
82001s,2,122,910.12
82001S,2,1582,5750.21
23127,2,736,3759.0
23128,2,448,2258.6600000000003
81950V,2,20,8.6
23047,2,58,333.5
23044,2,101,423.29
23043,2,81,543.51
23229,2,1869,6739.71
23041,2,272,1178.48
23232,2,8526,3436.92
23130,2,962,3988.98
23035,2,2191,3199.99
23235,2,736,1950.66
23032,2,2328,3853.68
23031,2,1278,2152.2999999999997
23169,2,1556,6662.84
23168,2,3291,4558.67
23029,2,1352,2303.9199999999996
23028,2,1369,2377.1299999999997
84247E,2,140,384.09000000000003
23237,2,1053,4274.39
84228,2,297,124.08999999999999
23056,2,963,2898.12
23061,2,1015,1332.68
23145,2,2084,1979.4799999999998
23065,2,273,3427.44
23091,2,580,3656.32
23086,2,1225,1451.43
23205,2,5857,5726.38
23197,2,1478,2303.5
23194,2,1835,4077.37
82600,2,6013,12833.18
23191,2,2201,3628.8899999999994
22135,2,567,322.38
22134,2,889,419.0
23188,2,3471,6447.7699999999995
23104,2,118,1405.42
16156L,2,475,199.5
23106,2,291,815.59
23107,2,359,1009.51
23109,2,2386,6835.02
23075,2,472,1960.3000000000002
22129,2,1188,1226.4199999999998
82486,2,2136,18343.92
23212,2,2296,2860.89
23071,2,315,1205.1
23214,2,789,1695.04
23068,2,809,1966.93
23066,2,259,2137.81
20622,2,185,303.7
23045,2,118,497.9800000000001
23148,2,2139,1816.31
23249,2,842,1426.1
22999,2,2894,1252.59
23015,2,40,338.38
23020,2,180,2191.84
23250,2,1179,1531.03
23271,2,1731,1496.8899999999999
23251,2,1712,2105.75
22179,2,966,7226.2
23256,2,2113,8667.07
23254,2,1703,6903.110000000001
23252,2,603,2261.61
23253,2,258,3848.8599999999997
35924,1,820,1484.3
35922,1,28,138.6
35933,1,226,92.21000000000001
82616C,1,324,501.44
47348A,1,97,50.31
47016,1,2,4.2
47344B,1,44,43.66
47021G,1,582,309.29999999999995
47341B,1,45,56.25
82616B,1,343,502.74
82615,1,36,91.8
47341A,1,27,38.75
84006,1,918,848.6999999999999
35923,1,1318,690.52
47343A,1,159,145.17
37342,1,1570,1489.01
84016,1,27,12.16
84012,1,1265,1283.99
47013C,1,52,12.969999999999999
35954,1,1245,350.48
46118,1,232,317.16999999999996
46126A,1,52,69.84
46138B,1,43,43.15
46775D,1,60,720.93
46776A,1,155,651.95
46776B,1,161,679.67
46776C,1,117,492.79
46776D,1,89,378.29
46776E,1,67,288.43
46776F,1,210,883.12
84029E,1,4734,22025.73
46776a,1,5,20.65
35953,1,3581,1633.6699999999998
46776b,1,1,4.13
46776e,1,1,4.13
46776f,1,7,28.91
82613c,1,5,12.399999999999999
47013A,1,14,3.0399999999999996
47351B,1,86,234.5
82613a,1,1,2.46
47367B,1,112,376.27000000000004
82599,1,508,1217.73
84078A,1,415,16363.300000000001
47421,1,994,393.0
47422,1,617,246.18
35909B,1,8,23.6
47469,1,469,238.60999999999999
47471,1,290,189.88
47480,1,746,1274.1699999999998
47481,1,225,171.79
47503A,1,2734,1254.1200000000001
47503H,1,100,110.86
47503J,1,3,23.85
47504H,1,978,964.38
47504K,1,2018,2048.66
47518F,1,827,113.64
47518f,1,5,20.73
47556B,1,2600,6045.0
47559B,1,2077,2584.9
35909A,1,8,23.6
47559b,1,103,342.65
35910A,1,20,39.0
35910B,1,13,25.349999999999998
82613b,1,4,9.94
35911A,1,319,292.07
46000U,1,107,133.75
35921,1,68,133.23
35920,1,72,104.84
82613D,1,696,534.24
35916C,1,106,107.72
82613C,1,537,443.38
47369A,1,33,93.19
82613B,1,583,500.24
82613A,1,71,92.38
35916A,1,87,67.39
82605,1,14,29.400000000000002
35915C,1,315,316.46
47369B,1,35,97.13
47420,1,196,37.24
35915B,1,220,257.21999999999997
35914,1,195,218.81
35913B,1,36,35.48
35912B,1,252,301.26
35911B,1,119,100.76
46115B,1,12,2.2800000000000002
46000M,1,1021,1582.55
46000S,1,1556,2256.2
35972,1,96,120.0
37444C,1,21,42.27
35970,1,5050,9512.73
37446,1,1354,1976.09
37447,1,820,1313.28
37448,1,1451,2206.63
37449,1,563,5117.29
37450,1,714,2117.54
37461,1,1,1.25
37462E,1,36,13.1
37464,1,3,3.75
37467,1,159,130.26999999999998
37468,1,64,32.03
37471,1,29,30.43
84077,1,54951,13814.009999999998
37474,1,1,9.95
35968,1,163,82.1
37475,1,70,661.9799999999999
37476,1,37,399.02
35967,1,485,252.33
35971,1,462,600.93
37444B,1,4,11.8
46000R,1,103,149.35
37444A,1,53,66.35000000000001
37343,1,72,123.29999999999998
84051,1,281,215.21
84050,1,3229,4753.53
37351,1,10,9.06
37370,1,2567,3839.01
37379A,1,6,7.5
84033,1,23,37.95
84032B,1,936,2421.59
84032A,1,1003,3384.98
84031b,1,1,16.63
84031a,1,1,16.63
84031B,1,303,1435.72
37333,1,21,120.99
84031A,1,430,1959.91
37330,1,6,2.34
37327,1,1578,840.0799999999999
84030e,1,108,877.76
37413,1,703,284.49
37423,1,78,33.18
37479B,1,131,78.09
37479P,1,163,142.23
37482P,1,494,349.35
37487B,1,68,19.72
40003,1,155,179.23
40005B,1,12,10.2
40016,1,5556,2136.34
40046A,1,50,62.5
44089A,1,15,6.3
44089C,1,24,10.08
44091A,1,9,3.78
44092B,1,14,11.899999999999999
44092C,1,20,17.0
44228,1,36,30.599999999999998
44234,1,693,154.77
84029G,1,3319,16148.04
44236,1,52,56.52
44242A,1,12,9.48
44242B,1,52,50.28
44265,1,2,8.5
45013,1,3,8.850000000000001
37340,1,2544,1695.86
46000P,1,18,76.5
40001,1,821,675.2299999999999
37509,1,2,5.1
35957,1,688,361.81
35966,1,27,10.260000000000002
37488A,1,28,10.92
37489A,1,33,14.43
37489B,1,31,16.77
37489C,1,23,13.65
37489D,1,40,17.16
37491A,1,6,19.81
37491B,1,4,6.6
37491C,1,8,13.2
37491D,1,4,9.879999999999999
37501,1,133,906.83
37495,1,440,1622.24
84030E,1,1497,6414.69
35965,1,366,551.13
35964,1,783,404.08
35961,1,2986,2629.81
82583,1,7258,16946.260000000002
37500,1,380,2360.68
35958,1,12,10.2
47563A,1,285,551.51
79161A,1,2,5.9
47566,1,18283,99445.23
72799F,1,144,421.13000000000005
72800C,1,130,259.71999999999997
72800D,1,87,226.67
72800E,1,538,1205.64
72801C,1,145,180.65
72801D,1,75,113.21
72801G,1,45,57.46
72801c,1,39,95.94
72801d,1,75,184.7
72802A,1,323,1329.91
72802B,1,1028,1993.48
72802C,1,1395,2688.19
72802a,1,7,58.029999999999994
72802c,1,1,8.29
72803A,1,529,722.47
72803b,1,1,8.47
72807A,1,393,1845.57
72807B,1,395,1822.21
72807C,1,721,3145.05
72807a,1,8,66.32
72807b,1,4,33.16
72807c,1,5,41.449999999999996
72800B,1,142,285.7
72799E,1,451,916.9900000000001
72812,1,34,116.06
72799C,1,81,129.47
72140E,1,31,26.349999999999998
81950B,1,116,33.64
79406,1,144,34.12
72225C,1,624,165.6
72232,1,3317,630.23
72349B,1,729,1486.69
72349b,1,159,658.51
72351A,1,1264,2498.75
72351B,1,2096,4007.85
72351a,1,15,62.269999999999996
72369A,1,30,39.92
72586,1,691,317.83
72598,1,607,605.89
72709,1,44,37.4
79403,1,95,85.52
72741,1,5958,8196.0
72760B,1,409,4145.389999999999
72780,1,137,116.44999999999999
79337,1,644,259.96
72783,1,16,33.6
72798C,1,7,11.549999999999999
72811,1,53,78.92999999999999
79336,1,36,13.680000000000003
72133,1,45,63.51
79062D,1,52,19.4
79192A,1,3,3.75
79063C,1,235,43.65
79191D,1,35,37.61
79063D,1,189,35.14
79066K,1,783,689.34
79066k,1,17,27.77
79067,1,172,719.69
79191C,1,1105,812.53
79071B,1,20,59.0
79191B,1,159,138.29999999999998
79144B,1,180,103.22999999999999
79190D,1,265,126.97999999999999
79144C,1,152,98.11999999999999
79149B,1,18,7.56
79151B,1,11,4.62
79190B,1,707,288.36
79157B,1,4,3.4
79190A,1,384,179.35999999999999
79164,1,1666,697.62
79163,1,1529,626.55
79157V,1,5,4.25
79302M,1,370,1037.54
79026B,1,25,10.61
72815,1,3,15.97
79000,1,4162,3357.34
79331,1,26,17.5
79329,1,12,12.18
72816,1,892,1005.3199999999999
72817,1,1212,1232.27
79323P,1,4,27.0
72818,1,1845,821.98
72819,1,225,509.07
72821,1,11,18.15
75011,1,172,138.76
75013B,1,25,41.24999999999999
79323B,1,8,54.0
75049L,1,7102,6812.98
75131,1,490,529.21
75172,1,93,85.31
79321,1,10302,54096.36
75178,1,459,218.87
77079,1,1,2.12
77101A,1,387,426.94
78033,1,38,185.3
78034B,1,8,15.6
78124,1,198,256.5
72134,1,105,58.62
72132,1,28,54.599999999999994
47566B,1,2379,11275.27
47591D,1,3207,6052.45
47591d,1,134,672.24
82551,1,2918,4542.889999999999
82494l,1,264,2211.6
82494L,1,6735,19599.49
47593A,1,33,14.37
47593B,1,1987,946.13
47593b,1,6,4.9799999999999995
47594A,1,108,199.84
47594B,1,170,314.54999999999995
47599A,1,2456,4649.5
47599B,1,1480,2822.32
48111,1,1172,7708.48
48116,1,1491,9080.68
48129,1,904,6009.84
48138,1,3751,25534.15
82484,1,6012,35966.92
48173C,1,1799,10000.66
48173c,1,15,252.95000000000002
48184,1,2035,14300.15
48185,1,3615,23872.91
82483,1,2386,15123.92
47591b,1,1,4.13
47591B,1,209,344.78999999999996
48187,1,3807,24108.39
47590b,1,12,129.48
47566b,1,199,1651.1499999999999
47567B,1,602,3414.5000000000005
82582,1,4365,8858.79
47570B,1,185,1727.23
47570b,1,2,42.019999999999996
47574A,1,548,665.2
47574B,1,4,17.0
82581,1,3883,2155.8900000000003
47578A,1,213,197.43
47579,1,1,2.1
82580,1,5881,3473.21
47580,1,388,1116.72
47585A,1,264,1129.44
47586A,1,21,53.55
82578,1,2058,1217.8500000000001
82567,1,711,1408.07
47589,1,13,70.85000000000001
79160,1,444,795.83
47590A,1,1990,10491.75
47590B,1,2323,12050.12
82552,1,3012,4674.83
82482,1,8986,23057.06
48188,1,2064,12107.02
72131,1,136,236.39999999999998
71101E,1,346,278.5
71215,1,11,4.62
71270,1,236,334.98
71279,1,175,558.37
71403,1,76,283.96000000000004
71406C,1,138,57.96
35833G,1,2,6.72
81953P,1,28,5.32
81953B,1,11,2.09
81952V,1,365,69.35
71495A,1,103,40.379999999999995
71495B,1,163,61.05
71496A,1,127,80.96000000000001
71496B,1,13,7.37
71510,1,52,36.519999999999996
72024U,1,72,15.120000000000001
72051S,1,130,89.52999999999999
72122,1,324,335.78999999999996
72127,1,169,210.61
72128,1,193,152.04999999999998
81952B,1,200,38.0
72130,1,219,133.34
82011A,1,18,67.5
82011B,1,43,146.85
48189,1,27,451.10999999999996
71050,1,33,11.549999999999999
48194,1,3416,22114.42
51008,1,519,1690.5500000000002
51014A,1,3842,2000.06
51014C,1,2687,1405.73
51014L,1,2059,1069.1399999999999
51014c,1,1,0.83
51020A,1,325,116.32999999999998
51020B,1,197,70.57
62018,1,4415,5716.85
62043B,1,17,14.11
82095,1,68,356.11
82011C,1,51,172.05
62074B,1,16,6.72
62086A,1,88,171.6
62094B,1,19,63.209999999999994
62096A,1,106,132.5
62096B,1,2,2.5
62097B,1,9,7.469999999999999
70006,1,2702,1863.98
70007,1,841,956.36
71038,1,238,1239.5
35833P,1,49,88.47
23636,1,9,26.19
35819P,1,95,66.55
23337,1,180,388.75
23339,1,173,400.84000000000003
23340,1,2500,4034.08
23341,1,307,2741.35
23343,1,6078,13972.710000000001
23344,1,10285,23772.07
23345,1,2451,2886.25
23346,1,2628,3112.34
23347,1,860,1077.3
23348,1,746,1633.81
23349,1,3221,4342.6
23350,1,2712,3445.08
23351,1,3535,4875.65
23352,1,1800,2459.2
23353,1,4007,3510.0499999999997
23354,1,3740,3429.3999999999996
23355,1,5816,28718.800000000003
23356,1,2359,13334.320000000002
23357,1,450,1982.0500000000002
23358,1,594,2008.38
23365,1,1857,1463.0800000000002
23367,1,3278,2491.2000000000003
23368,1,2379,1679.5500000000002
23369,1,1105,1581.06
23338,1,431,915.4000000000001
23336,1,225,519.25
23308,1,6139,3272.61
23335,1,377,790.7800000000001
23310,1,12050,4997.28
23311,1,2390,6488.2
23312,1,1423,5964.150000000001
23313,1,2990,15798.66
23314,1,407,5012.96
23315,1,213,2094.24
23316,1,250,2501.64
23317,1,173,1777.46
23318,1,3809,9162.41
23319,1,3720,9219.53
23320,1,2661,7053.57
23321,1,4716,8438.539999999999
23322,1,3069,8878.210000000001
23323,1,1469,3146.78
23326,1,3442,2237.08
23327,1,1734,1051.14
23328,1,2841,13269.49
23329,1,1767,3038.1899999999996
23330,1,1794,2286.97
23331,1,1596,1062.28
23332,1,2059,3542.7099999999996
23333,1,2089,2695.45
23334,1,2271,1491.75
23371,1,1705,2304.78
23372,1,1389,1750.29
23373,1,1608,1313.3899999999999
23374,1,2456,1962.83
23414,1,141,1378.75
23415,1,328,412.17999999999995
23416,1,132,184.67999999999998
23417,1,146,157.5
23418,1,557,1166.0
23419,1,473,1043.72
23420,1,164,351.37
23421,1,160,349.2
23422,1,213,477.89
23423,1,219,876.9
23424,1,462,2509.62
23425,1,275,621.44
23426,1,1275,3444.4300000000003
23427,1,237,2860.58
23428,1,77,675.91
23429,1,47,400.01
23430,1,36,301.88
23431,1,1449,1171.23
23432,1,1276,1088.36
23433,1,1258,1108.58
23434,1,2095,1884.17
23435,1,824,732.4200000000001
23439,1,3986,8855.51
23412,1,358,2354.8
23411,1,227,1118.6100000000001
23410,1,36,290.1
23395,1,748,3257.08
23375,1,1342,1100.6899999999998
23376,1,3039,1384.9099999999999
23377,1,1351,592.4499999999999
23378,1,3997,1840.08
23379,1,1220,465.36
23381,1,1496,562.88
23382,1,1875,7356.18
23392,1,662,1475.03
23393,1,801,3207.91
23394,1,435,1877.65
23397,1,489,5097.65
23409,1,215,801.6800000000001
23398,1,606,535.35
23399,1,1914,1745.55
23400,1,461,2409.34
23401,1,459,2354.87
23403,1,625,2204.11
23404,1,1011,4561.76
23405,1,252,1311.48
23406,1,456,2422.6600000000003
23407,1,265,2709.43
23408,1,310,644.8000000000001
23309,1,8275,4495.85
23307,1,12049,6371.89
35819B,1,268,106.05
23181,1,201,1733.57
23183,1,226,967.17
23184,1,874,4764.5
23185,1,317,114.85
23186,1,1982,819.4599999999999
23187,1,2338,695.06
23189,1,1249,3507.51
23190,1,1702,2761.8999999999996
23192,1,3516,6114.24
23193,1,1922,4079.28
23198,1,3342,5062.599999999999
23199,1,14908,30450.690000000002
23200,1,7067,14188.960000000001
23201,1,13366,27850.83
23202,1,10941,21810.43
23204,1,7976,7741.94
23206,1,12147,20852.579999999998
23207,1,7830,13325.55
23208,1,6308,10441.91
23210,1,2849,3551.53
23211,1,2329,2930.57
23213,1,1682,2138.42
23215,1,3564,7038.400000000001
23216,1,525,630.73
23182,1,3741,3688.2099999999996
23180,1,122,621.09
23305,1,82,159.9
23179,1,324,930.48
23154,1,2701,5842.88
23155,1,2221,1904.77
23156,1,1665,3423.29
23157,1,2557,5143.06
23158,1,2633,5513.83
23159,1,2293,4713.52
23160,1,1450,1794.48
23161,1,1715,2145.3
23162,1,1412,5143.6900000000005
23163,1,1832,4515.22
23164,1,578,2718.65
23165,1,3114,5141.0599999999995
23166,1,78033,81700.92000000001
23167,1,5847,4476.009999999999
23170,1,6857,11097.249999999998
23171,1,6247,10051.99
23172,1,3861,6344.409999999999
23173,1,2766,24879.13
23174,1,3055,12342.43
23175,1,3160,9587.15
23176,1,2165,4693.08
23177,1,2532,5521.29
23178,1,327,936.89
23217,1,1309,1613.82
23218,1,379,483.03
23219,1,430,568.6
23220,1,993,869.15
23270,1,1174,1646.32
23272,1,364,562.2199999999999
23273,1,969,1649.0499999999997
23274,1,1180,2004.9999999999998
23275,1,3720,4521.72
23284,1,5487,38133.64
23285,1,4807,4572.41
23286,1,5048,4747.62
23287,1,1879,1603.3899999999999
23288,1,4625,4444.2300000000005
23289,1,1622,2013.7
23290,1,2430,2890.3500000000004
23291,1,1634,2059.03
23293,1,8471,6989.54
23294,1,4392,3607.81
23295,1,6134,5073.45
23296,1,4979,5985.55
23297,1,4303,6792.23
23300,1,6809,11785.99
23301,1,8807,16327.349999999999
23302,1,1536,2181.4199999999996
23303,1,65,126.75
23304,1,71,138.45
23269,1,779,1152.98
23268,1,1447,2018.1399999999999
23267,1,1202,1531.95
23234,1,1722,5079.78
23221,1,1536,1363.04
23222,1,799,718.53
23223,1,801,750.1899999999999
23224,1,738,649.02
23225,1,1355,1176.1699999999998
23226,1,1247,1596.67
23227,1,1642,2070.06
23228,1,1492,1960.0
23230,1,7976,3217.92
23233,1,5175,2105.5
23238,1,1849,7771.610000000001
23266,1,2053,2743.82
23239,1,842,3353.84
23241,1,2165,4669.55
23242,1,1470,3024.63
23243,1,4800,23489.420000000002
23245,1,6345,31118.550000000003
23247,1,2194,6681.25
23255,1,1014,4097.22
23263,1,3863,5147.19
23264,1,1963,2690.81
23265,1,1769,2404.79
23440,1,164,299.36
23441,1,22,9.24
23442,1,40,83.2
23632,1,15,31.200000000000003
23634,1,5,14.55
23635,1,3,12.48
84086C,1,218,622.27
23637,1,11,27.39
23638,1,2,5.82
23639,1,4,13.32
23640,1,9,22.410000000000004
23643,1,1,3.33
23644,1,5,16.65
23645,1,9,22.410000000000004
23646,1,8,19.92
23649,1,2,4.98
23650,1,4,9.96
23652,1,2,5.82
23654,1,5,12.450000000000001
23660,1,306,534.66
23661,1,219,393.59
23664,1,1,1.65
23681,1,1576,2525.04
23692,1,50,21.0
23694,1,376,165.07999999999998
23695,1,741,313.24
23697,1,456,194.58
23633,1,3,7.470000000000001
23630,1,2,5.48
23444,1,79,1200.0
23629,1,24,59.760000000000005
23603,1,20,49.800000000000004
23604,1,4,6.64
23605,1,4,11.64
23607,1,8,13.28
23608,1,4,11.64
23609,1,1,2.91
23610,1,3,6.24
23611,1,40,99.60000000000001
23612,1,5,8.299999999999999
23613,1,11,27.39
23614,1,26,86.58000000000001
23615,1,4,9.96
23616,1,8,19.92
23617,1,2,5.82
23619,1,4,9.96
23620,1,10,24.900000000000002
23621,1,6,14.940000000000001
23623,1,8,23.28
23624,1,4,9.96
23625,1,9,44.910000000000004
23626,1,43,107.07000000000001
23627,1,7,17.43
23628,1,1,2.91
23702,1,4,27.0
23843,1,80995,168469.6
35001G,1,198,677.34
35001W,1,92,270.02000000000004
35610B,1,24,30.0
35610C,1,25,32.51
35637A,1,170,440.62
35637C,1,30,100.86
35638A,1,38,82.1
35638B,1,57,128.32999999999998
35645,1,4,17.0
35646,1,619,937.25
35647,1,13,16.25
35648,1,979,1066.6599999999999
35649,1,57,156.85
35650,1,1,4.95
35651,1,451,985.8399999999999
35653,1,150,433.19
35809A,1,420,488.06
35809B,1,8,9.18
35809a,1,9,37.33
35810A,1,633,640.0899999999999
35810B,1,152,174.09
35815P,1,162,63.28000000000001
35816P,1,78,29.64
35818B,1,31,11.780000000000001
35818P,1,263,105.83
35610A,1,10,15.02
35609A,1,1,2.51
35607B,1,96,18.240000000000002
35443,1,8,6.8
35004B,1,577,2934.8100000000004
35004C,1,394,1888.1000000000001
35004G,1,127,454.65
35004P,1,1,5.45
35095A,1,925,388.57
35095B,1,862,352.25
35241,1,103,530.49
35265,1,17,52.2
35271S,1,19,3.6100000000000003
35400,1,10,89.5
35471D,1,1848,979.11
35607A,1,26,7.82
35591T,1,5,6.25
35597A,1,1,1.25
35597B,1,1,1.25
35597D,1,46,17.48
35598A,1,9,26.550000000000004
35598B,1,558,460.64
35598C,1,2,5.9
35598D,1,684,493.01
35599B,1,217,551.13
35599D,1,201,553.07
23602,1,1,2.91
23601,1,8,19.92
23598,1,427,1215.53
23508,1,2627,1163.45
23479,1,113,872.38
23480,1,1798,6719.14
23481,1,228,281.17
23482,1,418,661.02
23483,1,1328,1636.36
23485,1,262,5843.92
23486,1,275,4145.47
23487,1,80,795.5799999999999
23490,1,542,2032.77
23491,1,228,1897.76
23492,1,76,635.38
23493,1,3964,8497.98
23494,1,809,5354.01
23495,1,225,306.66
23496,1,112,154.52
23498,1,1640,2372.68
23499,1,1312,586.23
23500,1,1626,2038.33
23501,1,1821,2217.87
23503,1,3643,4860.55
23504,1,1927,2848.89
23505,1,1200,1651.29
23506,1,2723,1129.1200000000001
23478,1,285,324.40000000000003
23477,1,92,123.47
23476,1,205,264.72
23460,1,108,1007.0799999999999
23445,1,2668,2161.24
23446,1,157,230.24999999999997
23447,1,158,231.89999999999998
23448,1,25,41.24999999999999
23449,1,12,15.0
23451,1,277,556.17
23452,1,518,1021.76
23453,1,316,615.98
23458,1,51,762.4499999999999
23459,1,33,412.5
23461,1,847,3041.21
23475,1,286,242.17999999999998
23463,1,13,139.39999999999998
23464,1,18,99.2
23467,1,32,120.08000000000001
23468,1,19,156.75
23469,1,332,1355.24
23470,1,232,1460.5
23471,1,65,616.79
23472,1,58,894.42
23473,1,678,552.02
23474,1,312,270.96
23507,1,2882,1155.67
23509,1,1062,451.46000000000004
23597,1,249,679.07
23510,1,2521,1118.8
23557,1,350,3930.27
23558,1,415,4703.87
23559,1,649,1482.41
23560,1,172,499.18
23561,1,170,476.0
23562,1,251,724.59
23564,1,644,841.31
23565,1,410,586.31
23566,1,881,1156.93
23567,1,211,291.58
23568,1,630,787.52
23569,1,954,4717.66
23570,1,2772,4931.87
23571,1,2841,6406.91
23574,1,14,105.0
23575,1,179,367.34999999999997
23576,1,198,400.03999999999996
23578,1,60,125.72
23579,1,169,358.75
23580,1,116,234.92
23581,1,5020,11581.83
23582,1,4802,10206.41
23583,1,3385,5497.33
23556,1,436,4937.01
23555,1,421,4780.57
23554,1,422,4805.53
23531,1,976,5538.26
23511,1,571,1252.01
23512,1,500,975.24
23513,1,566,1114.26
23514,1,478,977.39
23515,1,579,1164.98
23516,1,296,1058.6
23517,1,334,996.38
23518,1,361,980.41
23519,1,224,792.31
23520,1,167,600.55
23532,1,210,901.58
23553,1,568,6444.65
23533,1,215,998.64
23538,1,331,1329.54
23544,1,164,1015.78
23546,1,3250,1365.0
23547,1,1575,661.5
23548,1,1075,451.5
23549,1,1305,548.1
23550,1,1855,763.1
23551,1,1840,839.8399999999999
23552,1,1863,3881.91
84086B,1,16,47.2
84247N,1,22,64.9
84192,1,111,138.75
90027B,1,3,8.76
90027D,1,9,28.4
90028,1,16,134.16
90029,1,5,42.14
90030A,1,72,72.0
90030B,1,122,190.73000000000002
90030C,1,77,91.7
90031,1,50,59.89
90032,1,21,103.13
90033,1,10,25.07
90034,1,2,20.17
90035A,1,5,53.62
90035C,1,2,21.5
90036A,1,6,47.7
90036B,1,4,31.8
90036C,1,9,71.4
90036D,1,12,95.35000000000001
90036E,1,14,110.95
90036F,1,8,64.08
90037A,1,1,2.48
90037B,1,10,25.279999999999998
90037C,1,5,12.52
90038A,1,15,56.15
90038B,1,13,48.77
90038C,1,9,33.69
90039A,1,8,29.96
90039B,1,11,41.31
90039C,1,6,22.48
90027C,1,5,14.5
90027A,1,6,17.66
90040A,1,14,54.290000000000006
90026D,1,3,25.5
90013D,1,6,25.17
90016A,1,17,105.71000000000001
90016B,1,22,184.66
90016C,1,3,24.96
90018A,1,46,193.33
90018B,1,22,92.28
90018C,1,12,50.400000000000006
90019A,1,38,197.09
90019B,1,18,96.52000000000001
90019C,1,13,68.73
90020,1,1,12.48
90021,1,1,11.95
90022,1,24,90.2
90023,1,13,55.02
90024B,1,8,67.28
90024C,1,4,33.81
90024D,1,2,16.82
90024E,1,2,16.810000000000002
90024F,1,5,42.13
90025A,1,2,7.5
90025B,1,1,3.73
90025D,1,3,11.19
90025E,1,1,3.73
90025F,1,4,14.96
90026A,1,2,17.0
90026B,1,3,25.32
90026C,1,4,33.82
90039D,1,21,78.69
90040B,1,18,66.7
84199,1,138,28.98
90064A,1,10,38.7
90065A,1,7,47.25
90065B,1,2,13.5
90067A,1,14,41.150000000000006
90067B,1,2,5.8
90068,1,1,7.5
90069,1,2,15.0
90070,1,20,122.64000000000001
90071,1,44,54.62
90072,1,21,83.42
90073,1,27,134.70000000000002
90074,1,4,37.239999999999995
90075,1,4,37.66
90076,1,9,24.119999999999997
90077,1,3,8.82
90078,1,2,15.0
90079,1,10,49.760000000000005
90081A,1,15,74.25
90081B,1,1,4.95
90081C,1,20,99.60000000000001
90082A,1,30,193.2
90082B,1,25,158.75
90082D,1,9,58.03
90083,1,25,23.47
90084,1,1,0.85
90085,1,34,36.76
90086,1,102,77.78999999999999
90087,1,107,61.459999999999994
90064B,1,12,45.0
90063B,1,9,76.32
90040C,1,15,54.42
90063A,1,12,102.0
90041,1,5,18.27
90042A,1,3,7.6499999999999995
90042C,1,5,12.7
90043,1,4,24.810000000000002
90046,1,3,14.850000000000001
90048,1,3,14.850000000000001
90049,1,5,34.77
90050,1,8,55.72
90051,1,10,70.16
90052,1,2,14.14
90053,1,4,9.99
90054,1,9,22.58
90055,1,5,12.53
90056,1,4,43.510000000000005
90057,1,1008,1311.3600000000001
90058A,1,324,123.12
90058B,1,612,232.56
90059A,1,45,74.53
90059B,1,16,26.52
90059C,1,15,24.79
90059D,1,25,41.449999999999996
90059E,1,25,41.37
90059F,1,21,34.69
90060B,1,1,5.95
90060D,1,3,17.85
90060F,1,6,35.160000000000004
90062,1,44,558.03
90013C,1,39,158.08
90013B,1,36,149.41000000000003
90013A,1,52,195.32
85167B,1,50,109.94
85169A,1,812,813.02
85169B,1,329,356.06
85169C,1,429,452.86
85169D,1,351,356.08
85170A,1,1,2.1
85170B,1,215,316.75
85170C,1,335,608.53
85170D,1,451,796.99
85172,1,1314,569.68
85173,1,479,795.02
85174,1,613,2927.08
85175,1,5321,2278.9
85176,1,918,880.4699999999999
85177,1,812,644.2099999999999
85178,1,2518,2822.58
85179A,1,193,380.79
85179C,1,106,201.31
85179a,1,1,2.46
85180A,1,503,1042.66
85180B,1,271,587.2
85183A,1,667,852.04
85183B,1,996,1323.37
85184c,1,2,11.58
85185D,1,15,44.25000000000001
85186A,1,567,273.64
85186C,1,528,269.17
85187,1,337,556.53
85168B,1,51,432.78999999999996
85163B,1,84,783.68
90012B,1,13,45.35000000000001
85163A,1,66,559.0
85131A,1,996,901.48
85131B,1,623,521.11
85131C,1,193,178.85
85131D,1,850,725.26
85132A,1,545,1561.77
85132B,1,529,1156.1699999999998
85132C,1,1520,3562.3199999999997
85132a,1,8,92.19999999999999
85132b,1,9,74.60999999999999
85132c,1,3,24.869999999999997
85135A,1,19,151.05
85135B,1,65,524.5500000000001
85135C,1,106,856.38
85136A,1,71,572.41
85136B,1,2,15.9
85136C,1,52,421.18
85141,1,120,619.94
85145,1,37,163.75
85146,1,45,171.11
85150,1,4037,9383.43
85152,1,8246,15928.730000000001
85159A,1,453,783.3499999999999
85159B,1,622,1134.5
85160A,1,6,7.5
85160B,1,106,62.239999999999995
85160a,1,1,16.13
85161,1,35,568.65
85188A,1,319,278.16999999999996
85188B,1,78,68.69999999999999
85189,1,9,7.6499999999999995
85194L,1,947,822.89
85231b,1,3,4.92
85231g,1,6,9.78
85232A,1,78,389.55
85232B,1,274,1356.3
85232D,1,193,992.5200000000001
90000A,1,13,77.91
90000B,1,11,67.83
90000D,1,21,129.85
90001A,1,5,20.950000000000003
90001B,1,5,21.15
90001C,1,5,21.130000000000003
90001D,1,7,29.73
90002D,1,13,48.71
90003B,1,15,56.31
90003C,1,32,119.84
90003D,1,30,112.26
90003E,1,23,86.11
90005A,1,14,28.02
90010A,1,18,167.3
90010B,1,11,100.08999999999999
90010E,1,25,227.89
90011A,1,6,17.509999999999998
90011B,1,12,35.27
90011C,1,2,5.8
90011D,1,3,8.76
90011E,1,3,8.76
90012A,1,11,53.760000000000005
85231G,1,594,501.27
85231B,1,868,777.5799999999999
85230G,1,1032,257.03999999999996
85206B,1,14,23.099999999999998
85194S,1,1197,489.17
85195,1,11,23.1
85197,1,34,71.4
85198,1,90,74.58
85199L,1,977,663.4300000000001
85199S,1,2660,1302.31
85200,1,183,228.75
85202,1,672,313.13
85203,1,895,408.99
85204,1,2050,325.35999999999996
85205B,1,122,323.15
85206A,1,974,1568.9299999999998
85208,1,223,416.91
85230F,1,338,90.33999999999999
85211,1,149,175.16
85212,1,2451,740.15
85213,1,829,330.54999999999995
85214,1,164,271.03999999999996
85215,1,223,180.71
85216,1,55,35.75
85224,1,3,6.300000000000001
85225,1,6,6.25
85227,1,1477,1359.3999999999999
85230A,1,840,203.27999999999997
85230B,1,1288,333.2
85230E,1,1101,267.45
90089,1,20,13.94
90092,1,1,1.66
90093,1,52,28.569999999999997
90187B,1,12,40.03
90189A,1,2,15.0
90190A,1,16,46.76
90190B,1,13,38.18
90190C,1,20,58.43
90191,1,26,163.82
90192,1,42,209.10000000000002
90194,1,16,67.87
90195A,1,19,122.84
90195B,1,4,29.98
90196A,1,8,102.0
90196B,1,5,63.480000000000004
90197B,1,35,174.73000000000002
90198A,1,75,315.73
90198B,1,36,152.4
90199A,1,11,69.63
90199B,1,9,56.59
90199C,1,19,120.28999999999999
90199D,1,6,37.620000000000005
90200A,1,78,328.44
90200B,1,93,392.83
90200C,1,50,211.43
90200D,1,175,725.32
90200E,1,103,423.41
90201A,1,69,202.51000000000002
90201B,1,86,252.9
90201C,1,63,185.42000000000002
90201D,1,77,225.84
90188,1,9,22.58
90187A,1,1,3.32
90177C,1,26,76.23
90186B,1,22,64.58
90177E,1,14,41.080000000000005
90178A,1,8,95.25
90178B,1,1,11.95
90179A,1,6,35.31
90179B,1,3,17.59
90179C,1,6,35.44
90180A,1,17,127.24
90180B,1,5,49.81
90181A,1,7,64.04
90181B,1,15,137.63
90181C,1,1,9.15
90182A,1,8,23.2
90182B,1,5,14.5
90182C,1,14,40.96
90183A,1,40,117.24000000000001
90183B,1,21,61.08
90183C,1,9,26.15
90183c,1,1,2.9
90184A,1,13,117.73
90184B,1,33,297.94
90184C,1,21,190.51999999999998
90184c,1,1,9.15
90185A,1,31,131.03
90185B,1,23,97.02
90185C,1,26,110.09
90185D,1,35,148.63
90186A,1,11,32.16
90202A,1,22,64.28
90202B,1,17,49.65
90202C,1,20,58.71
90202D,1,22,64.46000000000001
90214N,1,41,29.23
90214O,1,16,6.819999999999999
90214P,1,39,20.229999999999997
90214R,1,41,28.009999999999998
90214S,1,94,71.0
90214T,1,24,13.459999999999999
90214U,1,12,3.4799999999999995
90214V,1,26,15.979999999999999
90214W,1,16,6.819999999999999
90214Y,1,66,22.839999999999996
90214Z,1,22,11.84
B,1,1,11062.06
C2,1,142,7051.0
DCGS0003,1,4,9.94
DCGS0004,1,1,16.63
DCGS0069,1,1,15.79
DCGS0070,1,1,12.72
DCGS0076,1,3,48.39
DCGSSBOY,1,47,150.54999999999998
DCGSSGIRL,1,47,144.43
PADS,1,3,0.003
S,1,2,63.05
gift_0001_10,1,9,74.97
gift_0001_20,1,10,167.05
gift_0001_30,1,7,175.53
gift_0001_40,1,3,100.69999999999999
gift_0001_50,1,4,167.56
90214M,1,60,49.82
90214L,1,94,65.03999999999999
90214K,1,78,60.699999999999996
90210D,1,107,132.05
90204,1,29,96.86
90205A,1,31,51.51
90205C,1,29,48.209999999999994
90206A,1,12,59.800000000000004
90206C,1,45,224.73000000000002
90208,1,53,132.7
90209A,1,84,163.8
90209B,1,184,355.64
90209C,1,263,480.5
90210A,1,34,57.55
90210B,1,41,61.56
90210C,1,99,130.51000000000002
90211A,1,12,70.97
90214J,1,71,57.21
90211B,1,9,53.260000000000005
90212B,1,10,37.62
90212C,1,7,26.25
90214A,1,130,111.66
90214B,1,37,24.77
90214C,1,91,72.77
90214D,1,68,49.9
90214E,1,72,53.199999999999996
90214F,1,27,15.429999999999998
90214G,1,60,40.199999999999996
90214H,1,48,36.76
90214I,1,38,29.619999999999997
90177D,1,25,73.53
90177B,1,14,41.010000000000005
90094,1,14,35.699999999999996
90125A,1,115,106.24
90125C,1,77,69.85
90125D,1,95,110.03
90125E,1,11,21.05
90126A,1,1,3.36
90126C,1,2,6.58
90127A,1,2,4.92
90128A,1,3,7.43
90128B,1,2,3.76
90128C,1,2,4.97
90128D,1,2,4.97
90129A,1,45,82.97999999999999
90129B,1,57,121.38000000000001
90129C,1,35,79.76
90129D,1,14,33.440000000000005
90129E,1,42,77.03999999999999
90129F,1,40,88.03
90130A,1,6,17.5
90130B,1,39,113.97
90130C,1,14,40.95
90130D,1,3,8.7
90131,1,5,34.870000000000005
90132,1,3,15.16
90133,1,19,94.43
90134,1,54,157.5
90135,1,8,39.660000000000004
90135A,1,1,4.98
90136,1,3,29.849999999999998
90125B,1,30,48.06
90124C,1,11,109.53999999999999
90177A,1,14,40.900000000000006
90124B,1,12,119.89
90096,1,45,112.21
90098,1,29,73.95
90099,1,27,76.38
90100,1,1,2.55
90101,1,39,98.07
90102,1,10,8.5
90103,1,29,72.66
90104,1,28,23.16
90108,1,70,81.96000000000001
90112,1,2,2.1
90114,1,167,417.96
90115,1,54,134.53
90116,1,64,145.52
90118,1,30,74.64
90119,1,83,205.06
90120A,1,7,29.73
90120B,1,39,164.12
90120C,1,51,215.20000000000002
90120D,1,10,41.790000000000006
90122A,1,21,104.53
90122B,1,6,29.93
90122C,1,24,119.23
90123A,1,15,89.12
90123B,1,9,53.42
90123C,1,14,83.29
90123D,1,6,35.31
90124A,1,8,79.66
90137,1,3,16.310000000000002
90138,1,10,52.42
90140,1,2,15.120000000000001
90141A,1,12,63.11
90161D,1,64,318.89000000000004
90162A,1,6,17.700000000000003
90162B,1,27,79.65
90162C,1,14,41.300000000000004
90162D,1,10,29.500000000000004
90163A,1,12,90.32
90163B,1,7,52.72
90164A,1,27,130.67
90164B,1,38,140.98
90165A,1,16,39.98
90165B,1,19,47.43
90166,1,21,88.04
90167,1,10,8.5
90168,1,18,52.56
90169,1,19,47.839999999999996
90170,1,85,140.32999999999998
90173,1,32,120.34
90174,1,38,95.41999999999999
90175A,1,27,245.63
90175B,1,10,91.68
90175C,1,9,80.55
90175D,1,23,210.04
90176A,1,3,22.48
90176B,1,4,30.12
90176C,1,3,23.32
90176D,1,7,52.5
90176E,1,4,29.98
90161C,1,83,412.74
90161B,1,76,377.88
90161A,1,24,119.91000000000001
90149,1,53,342.76000000000005
90141B,1,9,44.86
90141C,1,10,52.31
90141D,1,4,20.36
90141E,1,5,24.75
90142A,1,1,5.09
90142D,1,10,49.64
90143,1,32,244.68
90144,1,18,67.36
90145,1,28,168.0
90146,1,17,95.35000000000001
90147,1,32,324.01
90148,1,8,101.73
90151,1,8,68.0
90160D,1,38,264.7
90152A,1,5,28.76
90152B,1,2,11.46
90152C,1,1,5.95
90154,1,57,421.75
90155,1,9,67.62
90156,1,4,19.8
90157,1,10,49.59
90158,1,45,224.12
90159,1,6,29.790000000000003
90160A,1,38,264.94
90160B,1,30,209.73000000000002
90160C,1,54,377.04
85130D,1,565,569.29
85130C,1,482,437.22
85130B,1,834,760.4300000000001
84661C,1,71,104.84
84661b,1,1,4.96
84663A,1,272,374.12
84665,1,105,624.75
84666,1,24,94.80000000000001
84673A,1,92,63.720000000000006
84673B,1,179,156.63
84674,1,193,466.95000000000005
84675,1,9,26.55
84678,1,142,247.04
84679,1,6,55.7
84683,1,194,162.20000000000002
84685,1,34,177.33
84686,1,49,66.39
84687,1,81,504.43
84688,1,41,203.07
84689,1,3,9.95
84691,1,242,174.5
84692,1,7903,4327.38
84705C,1,12,15.0
84706D,1,8,29.599999999999998
84706F,1,16,47.2
84707A,1,95,695.23
84707B,1,34,210.54999999999998
84708B,1,62,326.35
84709B,1,20,119.0
84711A,1,25,221.79999999999998
84711B,1,20,186.64
84661a,1,1,4.96
84661B,1,115,300.24
84596f,1,16,39.36
84661A,1,104,167.79
84596l,1,1,2.46
84597B,1,41,51.25
84597C,1,46,57.5
84598,1,1975,546.04
84600,1,53,446.89
84609,1,93,770.59
84613A,1,6,27.900000000000002
84613C,1,1,4.65
84614A,1,2,11.9
84616,1,14,504.32
84617,1,3,38.25
84620,1,2,11.9
84625A,1,478,605.48
84625C,1,449,536.41
84629,1,20,150.0
84631,1,40,340.58
84632,1,6,359.70000000000005
84637,1,116,619.59
84638,1,50,331.5
84658,1,57,412.23
84659A,1,280,676.27
84660A,1,843,783.45
84660B,1,707,733.28
84660C,1,661,693.32
84660a,1,4,29.84
84660b,1,2,15.08
84660c,1,18,134.92
84712B,1,30,231.56
84715,1,16,47.2
84723,1,41,97.95
84725,1,41,39.65
84800L,1,360,639.36
84800M,1,127,174.31
84800S,1,107,120.07000000000001
84801A,1,46,96.60000000000001
84801B,1,22,46.2
84802A,1,2,3.38
84802B,1,4,6.76
84803A,1,3,5.07
84803B,1,17,28.73
84804A,1,70,180.58
84804B,1,99,188.37000000000003
84805A,1,32,60.0
84805B,1,38,52.5
84806A,1,137,96.88999999999999
84806B,1,308,411.55999999999995
84809A,1,55,115.50000000000001
84809B,1,18,37.800000000000004
84813,1,166,1393.79
84816,1,13,519.35
84817,1,951,710.64
84818,1,1423,1460.81
84819,1,811,951.79
84820,1,259,483.05
84821,1,935,407.15
84823,1,112,890.4000000000001
84824,1,2,31.9
84826,1,1162,389.38
84799,1,224,160.48
84798B,1,11,28.049999999999997
84798A,1,23,58.64999999999999
84751B,1,17,37.11
84731,1,2,2.04
84732B,1,22,8.58
84732D,1,11,4.29
84741C,1,60,117.0
84743C,1,1,1.25
84744,1,110,140.02
84745A,1,32,13.44
84745B,1,32,13.44
84746,1,14,38.31
84748,1,204,570.86
84750A,1,24,46.8
84750B,1,61,54.99
84754,1,558,725.52
84796a,1,17,141.10999999999999
84755,1,16401,10487.050000000001
84760S,1,43,62.349999999999994
84763,1,601,748.34
84766,1,146,340.7
84773,1,3,8.850000000000001
84789,1,186,640.72
84792,1,833,3974.32
84795B,1,176,1390.64
84795C,1,2,15.9
84795b,1,16,266.78
84796A,1,61,568.13
84796B,1,256,2393.5899999999997
84596g,1,3,7.38
84596e,1,10,25.099999999999998
84832,1,2933,2712.7
84360,1,78,434.12
84378,1,6332,8518.4
84380,1,5799,8153.56
84387A,1,11,21.45
84388,1,24,13.14
84402B,1,61,48.19
84406B,1,2015,7653.17
84415A,1,12,15.0
84415B,1,8,20.0
84422,1,566,244.17
84429A,1,54,182.50000000000003
84452,1,74,62.9
84457,1,126,112.55999999999999
84459A,1,716,1058.18
84459B,1,721,1079.67
84461,1,41,104.55
84462,1,12,15.0
84465,1,10,29.5
84466,1,46,57.5
84497,1,13,48.75
84499,1,7,5.949999999999999
84507B,1,39,118.72999999999999
84507C,1,66,175.73
84508A,1,1631,3448.05
84508B,1,56,142.79999999999998
84508C,1,56,154.95
84509A,1,896,3417.28
84509B,1,217,806.04
84375,1,4311,9383.150000000001
84358,1,33,312.7
84596b,1,7,17.57
84356,1,424,2124.15
84201B,1,13,2.47
84201C,1,5,0.95
84206A,1,24,4.5600000000000005
84206B,1,5,0.95
84206C,1,8,1.52
84212,1,10315,4934.87
84218,1,123,223.10999999999999
84226,1,51,36.21
84227,1,1,0.42
84231,1,108,72.63
84247G,1,357,158.63
84247K,1,22,64.9
84247L,1,128,62.06
23152,1,554,2080.65
84249A,1,174,80.46
84251B,1,245,70.78
84251C,1,127,53.88
84251G,1,270,74.7
84270,1,17,3.5700000000000003
84279B,1,192,774.7
84279P,1,377,1565.71
84306,1,10,88.22
84313B,1,127,518.61
84313C,1,504,1165.9099999999999
84341B,1,645,282.38
84347,1,9461,26425.579999999998
84352,1,34,577.35
84509C,1,130,498.94
84509E,1,91,183.45
84509G,1,517,950.49
84509a,1,104,775.84
84558a,1,5,29.310000000000002
84559A,1,397,375.60999999999996
84559B,1,237,217.29
84559a,1,29,48.379999999999995
84559b,1,23,38.33
84562A,1,3,23.85
84563A,1,96,369.84000000000003
84563B,1,94,346.3
84568,1,12442,2678.33
84569A,1,294,355.84
84569B,1,85,118.4
84569C,1,1,1.25
84569D,1,467,560.62
84575A,1,14,39.3
84576,1,66,148.32
84580,1,389,1482.43
84581,1,187,709.71
84584,1,144,314.51
84592,1,76,241.24000000000004
84593,1,5,14.750000000000002
84595E,1,78,154.67999999999998
84596B,1,5023,2547.42
84596E,1,564,411.68
84596F,1,3732,1943.62
84596G,1,1855,949.0799999999999
84596J,1,568,296.45
84596L,1,1254,629.38
84558A,1,333,987.4100000000001
84551,1,13,21.449999999999996
84550,1,1,1.65
84522,1,20,36.76
84509b,1,5,37.3
84509c,1,43,322.22
84509g,1,2,14.92
84510A,1,1196,1630.32
84510C,1,132,211.32999999999998
84510E,1,34,48.29
84510a,1,53,130.48
84510c,1,40,98.7
84510e,1,1,2.46
84519A,1,512,905.55
84519B,1,471,773.3
84520B,1,554,508.36999999999995
84527,1,52,95.1
84549,1,38,69.38
84531A,1,147,76.69
84531B,1,155,85.61
84534B,1,53,50.72
84534b,1,2,3.32
84535A,1,399,186.56
84535B,1,1332,850.2
84536A,1,3138,1409.8999999999999
84536B,1,2102,888.14
84536a,1,14,11.060000000000002
84536b,1,5,4.050000000000001
84539,1,26,42.9
84548,1,22,36.3
84827,1,509,153.09
84836,1,5937,7418.07
85130A,1,77,127.04999999999998
85034b,1,1,8.29
85035B,1,619,1054.1
85035C,1,1137,1760.66
85035a,1,2,16.94
85035b,1,1,8.47
85035c,1,1,8.47
85036A,1,211,714.35
85036B,1,361,581.4300000000001
85036C,1,742,1066.8600000000001
85036a,1,2,16.58
85036b,1,1,8.47
85038,1,1061,2171.26
85039A,1,704,1010.6199999999999
85039B,1,806,1174.6299999999999
85039C,1,305,265.77
85039a,1,40,131.81
85040A,1,888,1607.32
85040B,1,137,229.46999999999997
85040a,1,32,105.28
85045,1,42,191.1
85047,1,3,19.049999999999997
85048,1,1359,10910.61
85049A,1,3001,3842.36
85049B,1,54,67.5
85049C,1,1215,1515.69
85049D,1,547,694.99
85049E,1,2860,3783.61
85049F,1,378,477.34
85035A,1,276,782.3
85034a,1,3,24.869999999999997
85015,1,2180,1718.5400000000002
85034C,1,1129,1800.0
85017A,1,16,13.58
85017B,1,1077,600.29
85017C,1,49,26.17
85018D,1,12,30.599999999999998
85019A,1,414,564.35
85019B,1,512,682.97
85019C,1,182,270.72
85020,1,85,188.81
85023B,1,105,235.35000000000002
85024B,1,193,289.65
85024C,1,12,19.799999999999997
85025B,1,329,555.1199999999999
85025C,1,321,520.91
85026B,1,79,70.27
85027L,1,70,160.5
85028L,1,10,19.5
85028S,1,24,51.599999999999994
85030,1,15,29.25
85031A,1,16,45.9
85031B,1,1,4.95
85031C,1,3,14.850000000000001
85032A,1,789,776.49
85032B,1,786,739.99
85032C,1,683,718.5400000000001
85032D,1,687,561.34
85034A,1,498,911.4
85034B,1,945,1628.78
85049G,1,1608,1999.19
85049H,1,848,869.1
85049a,1,244,812.84
85049b,1,2,4.92
85099F,1,17237,32495.59
85099f,1,46,232.05999999999997
85103,1,143,924.29
85104,1,201,525.75
85106,1,649,1142.31
85107,1,249,541.39
85109,1,12,10.2
85111,1,1409,437.59
85114A,1,649,1105.21
85114B,1,477,902.49
85114C,1,516,920.2199999999999
85114a,1,49,161.70000000000002
85114b,1,36,118.86000000000001
85114c,1,162,534.66
85115B,1,3,24.869999999999997
85116,1,941,1106.88
85118,1,146,144.52
85119,1,1,3.36
85123a,1,292,1952.4799999999998
85124B,1,93,264.06
85124C,1,94,261.89
85125,1,161,760.39
85126,1,2,27.14
85127,1,187,1106.54
85129B,1,119,168.59
85129C,1,80,107.31
85129D,1,207,342.74
85099C,1,13900,28047.74
85099B,1,48371,94159.81
85096,1,25,109.23
85067,1,7,126.64999999999999
85049c,1,1,2.46
85049d,1,2,4.92
85049e,1,109,360.71
85049g,1,113,276.42
85053,1,1693,3649.4900000000002
85054,1,587,1430.63
85055,1,45,183.71
85059,1,411,1273.11
85061W,1,2146,1882.1499999999999
85062,1,1462,2429.4999999999995
85064,1,215,976.25
85066,1,1784,22594.2
85071A,1,1041,583.23
85095,1,150,243.49
85071B,1,1290,684.62
85071C,1,683,428.0
85071D,1,403,249.48999999999998
85078,1,1932,696.8
85084,1,20,17.0
85086A,1,146,122.08
85087,1,339,1129.99
85088,1,259,534.83
85089,1,13,38.35
85092,1,27,40.05
85093,1,708,475.18
85094,1,640,242.13
85016,1,563,560.11
85014b,1,25,313.06
84840,1,6,76.44
84877D,1,96,150.93
84880,1,312,2012.74
84881,1,12,82.57
84882,1,38,157.34
84884A,1,301,1201.91
84884a,1,38,317.71999999999997
84898F,1,46,98.63000000000001
84905,1,35,173.48
84907,1,29,180.93
84910A,1,26,192.14
84912A,1,156,560.62
84912B,1,323,1132.85
84913A,1,273,952.83
84913B,1,196,754.07
84915,1,217,372.33
84916,1,223,453.39
84917,1,184,466.3
84919,1,58,381.78000000000003
84920,1,115,446.23
84921,1,11,41.25
84922,1,9,42.29
84923,1,162,671.62
84924A,1,81,348.59000000000003
84924F,1,10,7.9
84925D,1,15,38.25
84925F,1,79,109.92999999999999
84926A,1,604,210.51999999999998
84926D,1,709,276.53
84879,1,36362,58927.62
84877B,1,144,210.56
85014a,1,18,225.32000000000002
84877A,1,40,58.16
84842,1,14,52.5
84843,1,172,969.8000000000001
84846A,1,56,126.04000000000002
84847,1,20,75.0
84849A,1,180,344.34000000000003
84849B,1,266,478.83
84849D,1,494,859.0
84854,1,5,24.75
84856L,1,2,17.82
84856S,1,4,18.6
84857B,1,24,46.8
84857C,1,98,232.32999999999998
84858C,1,186,261.68
84859A,1,129,272.99
84859B,1,31,64.81
84859C,1,84,180.51999999999998
84865,1,27,146.21
84870B,1,44,146.07999999999998
84870C,1,46,146.05
84872A,1,40,450.08
84872a,1,26,282.15
84873A,1,2,33.9
84874B,1,41,67.50999999999999
84875B,1,131,203.51
84875D,1,51,63.75
84876B,1,218,315.81
84876D,1,128,217.5
84926E,1,968,327.79999999999995
84926F,1,430,195.22
84927A,1,50,70.45
84927D,1,47,51.86
84970l,1,201,418.98
84970s,1,238,496.49
84971S,1,1761,1540.4499999999998
84971l,1,2,4.92
84974,1,39,388.04999999999995
84975,1,5,8.45
84976,1,512,446.15000000000003
84977,1,1,1.25
84978,1,12493,16453.78
84984A,1,19,88.35000000000001
84984B,1,17,79.05000000000001
84984D,1,13,60.45
84985A,1,41,59.449999999999996
84987,1,3051,4471.17
84988,1,4311,6671.25
84989A,1,27,14.850000000000001
84989a,1,42,87.51
84990,1,2,1.1
84991,1,18189,9169.970000000001
84992,1,13319,6532.780000000001
84993A,1,343,159.69
84993B,1,58,24.36
84993a,1,32,26.56
85006,1,55,57.25
85008,1,13,66.12
85014A,1,1163,6678.72
85014B,1,1910,10952.2
84970S,1,8879,7650.3099999999995
84970L,1,6064,6411.5199999999995
84969,1,558,2389.52
84952A,1,92,264.46999999999997
84927E,1,59,80.16000000000001
84927F,1,299,182.95000000000002
84929,1,2412,637.5600000000001
84931A,1,133,317.44
84931B,1,177,424.08
84944,1,710,1120.26
84945,1,10545,8744.43
84947,1,8652,10229.77
84949,1,4789,7622.639999999999
84950,1,3619,2297.03
84951A,1,475,553.01
84951B,1,451,554.78
84952B,1,186,332.14
84968f,1,1,25.49
84952C,1,144,255.0
84963A,1,4,171.8
84963B,1,3,149.85000000000002
84968A,1,267,3139.2999999999997
84968B,1,2,25.5
84968C,1,317,3585.99
84968D,1,157,1661.47
84968E,1,132,1522.53
84968F,1,177,1905.6799999999998
84968a,1,5,125.32999999999998
84968d,1,3,74.88
84968e,1,8,200.21
23153,1,263,1020.69
10002,1,860,759.89
23151,1,61,114.33000000000001
21555,1,137,350.46999999999997
21527,1,477,3724.9900000000002
21528,1,215,1557.57
21530,1,777,769.57
21531,1,1516,3682.17
21533,1,1351,6651.72
21534,1,370,1879.18
21535,1,2487,5986.01
21537,1,332,1387.96
21538,1,5,18.75
21539,1,969,4743.900000000001
21544,1,1972,1687.6799999999998
21547,1,79,253.53000000000003
21556,1,977,2515.52
21523,1,3245,21593.74
21557,1,551,1843.6100000000001
21558,1,2131,5550.219999999999
21559,1,3933,9735.38
21561,1,1281,3127.38
21562,1,324,380.36
21563,1,1395,2803.13
21564,1,1042,1831.6200000000001
21576,1,252,585.34
21577,1,720,1664.8999999999999
21578,1,746,1657.76
21579,1,176,409.72
21580,1,181,444.07
21524,1,1752,13572.06
21520,1,504,214.19
21584,1,1059,1743.35
21488,1,69,566.1700000000001
21468,1,148,572.23
21469,1,290,1085.32
21470,1,381,1470.32
21471,1,639,2220.59
21472,1,123,476.41
21473,1,27,618.66
21476,1,41,699.63
21479,1,3915,20582.2
21481,1,3307,11443.87
21484,1,1871,8495.42
21485,1,3524,17663.98
21486,1,36,147.88
21491,1,1,1.95
21519,1,3299,1389.22
21494,1,1928,3571.33
21495,1,5800,2356.0
21497,1,8550,3409.0
21498,1,10526,4311.92
21499,1,6927,2809.34
21500,1,6350,2593.0
21503,1,726,288.92
21504,1,1891,778.89
21506,1,4922,2085.89
21508,1,2478,1041.94
21509,1,3741,1572.28
21518,1,318,132.44
21581,1,252,590.67
21586,1,743,1721.85
21675,1,628,568.26
21655,1,36,60.84
21637,1,109,136.25
21638,1,247,547.76
21640,1,650,633.8299999999999
21641,1,1153,451.59
21642,1,2471,830.7299999999999
21643,1,550,743.31
21644,1,215,268.75
21647,1,107,224.70000000000002
21648,1,729,982.79
21650,1,2550,692.85
21651,1,127,198.57
21654,1,974,504.68
21656,1,219,444.58
21635,1,271,374.96000000000004
21657,1,30,223.46
21658,1,878,3709.78
21661,1,3,17.85
21662,1,86,557.3000000000001
21664,1,98,350.22
21666,1,412,283.51
21667,1,2,29.9
21668,1,5494,7481.16
21669,1,5252,7091.15
21670,1,4328,6083.99
21671,1,4402,6054.79
21672,1,4992,6776.0
21636,1,913,705.16
21634,1,976,481.95
21587,1,195,475.65
21619,1,974,1476.4
21588,1,1494,3442.5
21591,1,1374,1996.1399999999999
21592,1,2149,2149.07
21594,1,2,8.34
21595,1,2,16.94
21609,1,763,2086.69
21613,1,227,661.9300000000001
21614,1,51,153.29000000000002
21615,1,891,1347.92
21616,1,822,1288.34
21617,1,525,1009.26
21618,1,404,768.37
21620,1,881,1429.49
21633,1,125,895.46
21621,1,2787,24525.83
21622,1,380,1982.64
21623,1,3269,22980.239999999998
21624,1,216,1331.5600000000002
21625,1,407,2939.51
21626,1,794,1584.8
21627,1,63,1299.83
21628,1,63,1161.65
21629,1,71,672.05
21630,1,69,718.14
21631,1,169,896.01
21632,1,88,489.74
21467,1,264,1004.39
21466,1,304,1116.89
21465,1,237,897.8
21365,1,363,447.09000000000003
21351,1,104,672.88
21352,1,378,1511.2600000000002
21354,1,799,1007.71
21355,1,789,992.58
21356,1,642,703.3
21357,1,19,23.75
21358,1,411,493.29
21359,1,129,844.28
21360,1,39,236.17
21361,1,106,1505.96
21363,1,243,1403.94
21364,1,30,222.96
21366,1,89,470.16999999999996
21348,1,140,361.55999999999995
21367,1,171,199.48999999999998
21368,1,163,143.28
21369,1,101,161.49
21370,1,16,100.66000000000001
21371,1,287,319.71
21372,1,75,107.75
21373,1,512,389.04
21374,1,304,463.79
21375,1,41,312.77
21376,1,33,192.81
21377,1,121,215.67999999999998
21378,1,142,217.89
21349,1,18,155.6
21344,1,15,160.09
21464,1,249,1055.25
21316,1,159,214.73000000000002
21288,1,355,1061.41
21289,1,567,708.75
21291,1,943,819.64
21292,1,867,594.51
21293,1,116,276.72
21294,1,1618,825.49
21306,1,494,192.73999999999998
21307,1,79,39.199999999999996
21310,1,1,29.95
21311,1,459,181.32999999999998
21313,1,3321,2893.77
21314,1,4246,9798.980000000001
21317,1,111,684.08
21340,1,975,11300.02
21318,1,694,421.78
21319,1,161,175.78
21320,1,197,364.22
21324,1,81,259.67
21326,1,10535,6859.27
21327,1,864,1484.1299999999999
21328,1,1337,2410.43
21329,1,941,1723.6899999999998
21331,1,12,165.74
21332,1,19,268.1
21333,1,56,168.16000000000003
21336,1,27,54.57
21379,1,178,246.82999999999998
21380,1,2165,6307.51
21381,1,1811,3131.24
21446,1,449,630.92
21422,1,1607,1295.0
21424,1,346,1401.02
21425,1,87,320.49
21426,1,256,624.58
21427,1,96,256.44
21428,1,1207,5163.63
21429,1,1740,3391.1499999999996
21430,1,3034,11905.95
21439,1,1430,1767.15
21441,1,421,292.03
21442,1,437,307.94
21445,1,214,267.5
21447,1,969,1478.1
21382,1,1143,1376.53
21448,1,344,592.6199999999999
21452,1,817,2549.11
21454,1,572,485.15999999999997
21455,1,612,516.79
21456,1,171,222.22
21457,1,124,165.89
21458,1,182,256.54
21459,1,76,150.38
21460,1,28,56.779999999999994
21461,1,10,23.86
21462,1,198,932.4
21463,1,649,3435.05
21421,1,299,348.43000000000006
21420,1,53,120.41
21418,1,74,189.75
21417,1,340,629.8000000000001
21383,1,991,751.28
21385,1,3883,3442.45
21386,1,709,285.64
21389,1,1113,964.2299999999999
21390,1,3903,4848.13
21391,1,1069,1055.59
21392,1,34,46.39
21393,1,29,38.67
21394,1,3865,1603.77
21395,1,2838,1139.06
21397,1,1075,550.43
21398,1,1532,729.6
21399,1,2054,869.6099999999999
21400,1,881,128.63
21401,1,1052,151.19
21402,1,1369,185.51999999999998
21403,1,1857,322.18
21407,1,290,1421.11
21408,1,285,1282.81
21410,1,1,8.47
21411,1,785,2961.83
21413,1,48,75.02
21414,1,1,2.1
21415,1,219,446.02000000000004
21416,1,5,18.75
21673,1,4372,6041.2
21676,1,257,245.35999999999999
21286,1,273,362.12
21912,1,1786,7047.7
21898,1,493,1541.11
21900,1,3228,2197.17
21901,1,1828,1277.89
21902,1,1962,1262.3700000000001
21903,1,1160,2490.13
21904,1,50,105.0
21905,1,760,821.61
21906,1,581,4470.8099999999995
21907,1,2371,5027.18
21908,1,3771,7752.22
21910,1,36,59.39999999999999
21911,1,114,203.20999999999998
21913,1,398,1565.83
21896,1,980,2272.79
21914,1,7876,10339.81
21915,1,21903,26294.08
21916,1,4599,1973.49
21917,1,4151,1701.93
21918,1,7199,2950.25
21922,1,898,6944.360000000001
21925,1,403,503.75
21926,1,414,509.9
21927,1,623,771.15
21929,1,11006,23179.06
21930,1,6438,14006.2
21931,1,13651,30764.01
21897,1,405,1268.1899999999998
21895,1,2,12.72
21933,1,2672,4957.43
21876,1,3789,4825.36
21851,1,141,454.99
21864,1,828,2041.69
21865,1,271,618.9300000000001
21866,1,747,1292.38
21867,1,348,480.25
21868,1,2477,3259.75
21870,1,1407,1851.46
21871,1,5453,6679.56
21872,1,1292,1454.98
21873,1,1618,1834.3
21874,1,2974,4141.179999999999
21875,1,2055,2429.38
21877,1,5411,6932.78
21894,1,592,902.08
21878,1,2523,2172.2
21879,1,1176,385.47
21880,1,1903,858.7800000000001
21881,1,1102,383.11
21882,1,704,251.17000000000002
21883,1,1653,725.4200000000001
21884,1,1166,413.76
21888,1,1688,6659.54
21889,1,6390,8847.29
21890,1,1147,3674.11
21891,1,8130,10504.85
21892,1,3192,4317.16
21932,1,2720,4995.38
21934,1,2421,4480.28
21677,1,835,737.8399999999999
22031,1,504,225.59
21992,1,1901,3510.72
21993,1,1937,3355.84
22016,1,1,83.33
22021,1,365,610.4499999999999
22023,1,1206,538.72
22024,1,2406,1023.73
22025,1,1835,761.05
22026,1,1644,712.08
22027,1,4368,1873.71
22028,1,3042,1304.1399999999999
22029,1,8161,3387.5699999999997
22030,1,5527,2237.89
22032,1,427,181.98
21990,1,1672,2870.0
22033,1,337,141.95
22034,1,10,5.02
22035,1,1452,617.3199999999999
22037,1,3929,1695.32
22038,1,475,199.5
22039,1,250,105.0
22040,1,725,304.5
22041,1,4374,11354.56
22042,1,399,168.33
22043,1,1238,304.5
22044,1,816,196.44
22045,1,6527,2673.34
21991,1,635,1080.82
21989,1,2409,2233.1
21935,1,3393,6298.61
21972,1,335,499.08
21936,1,3985,11665.19
21937,1,1707,4898.849999999999
21942,1,287,313.01
21943,1,119,134.48999999999998
21944,1,337,310.19
21945,1,358,373.34
21946,1,86,75.35
21947,1,811,1139.65
21948,1,640,978.23
21949,1,801,1054.44
21955,1,1228,7580.82
21967,1,5271,1582.1499999999999
21973,1,159,230.54999999999998
21988,1,2321,1862.75
21974,1,2219,3545.6
21975,1,12312,6102.51
21976,1,5199,2869.9
21977,1,24820,12226.32
21980,1,6685,2121.18
21981,1,5468,1651.3
21982,1,7173,2215.6099999999997
21983,1,2301,777.67
21984,1,3458,1112.6
21985,1,8775,2729.5099999999998
21986,1,4067,1197.73
21987,1,2113,1346.65
21850,1,129,488.13
21849,1,173,548.93
21847,1,76,178.89
21731,1,14001,23919.78
21716,1,1425,3872.92
21717,1,408,946.93
21718,1,1493,2113.39
21719,1,345,307.44
21720,1,57,48.449999999999996
21721,1,195,179.45999999999998
21722,1,98,95.52999999999999
21723,1,397,350.08
21724,1,408,355.83
21725,1,301,277.24
21726,1,237,204.69
21730,1,517,2514.4300000000003
21733,1,7872,23199.24
21714,1,1651,3010.65
21735,1,212,2577.45
21736,1,80,137.22000000000003
21738,1,46,144.58
21739,1,254,703.08
21741,1,147,480.1700000000001
21742,1,194,1167.58
21743,1,299,887.6500000000001
21744,1,529,1557.65
21745,1,935,3475.73
21746,1,3075,3766.93
21747,1,485,645.61
21749,1,1963,3877.09
21715,1,1330,3507.17
21713,1,786,1817.74
21846,1,424,1206.97
21693,1,361,1107.91
21678,1,125,111.86
21679,1,1140,1028.58
21680,1,868,786.31
21681,1,2,19.9
21682,1,182,930.96
21683,1,310,948.7000000000002
21684,1,771,612.1
21686,1,35,1351.64
21688,1,348,1101.2800000000002
21689,1,95,369.87
21690,1,22,82.5
21692,1,17,63.75
21694,1,307,840.33
21711,1,104,513.02
21695,1,284,857.6800000000001
21696,1,224,672.4000000000001
21698,1,296,164.17
21700,1,1726,2334.94
21703,1,9390,3528.89
21704,1,5144,4039.2799999999997
21705,1,1459,1462.1699999999998
21706,1,346,1616.81
21707,1,160,763.6600000000001
21708,1,190,863.11
21709,1,133,607.23
21710,1,107,501.98
21750,1,90,207.51000000000002
21754,1,2759,16923.47
21755,1,2011,12435.86
21824,1,1916,1102.4199999999998
21810,1,5840,2981.8399999999997
21812,1,393,1746.27
21813,1,549,2280.4700000000003
21814,1,74,111.77
21815,1,158,270.22999999999996
21816,1,33,47.849999999999994
21817,1,906,410.91
21819,1,2470,1066.65
21820,1,329,1368.47
21821,1,251,1037.05
21822,1,698,719.3
21823,1,1372,854.3499999999999
21826,1,125,185.18
21756,1,809,5006.26
21827,1,6,7.5
21828,1,330,435.79
21829,1,6765,1460.74
21830,1,2621,1107.07
21832,1,954,1790.1
21833,1,2726,4594.43
21836,1,5,26.490000000000002
21839,1,1,5.45
21841,1,73,310.25
21843,1,2012,21354.3
21844,1,1847,5167.6900000000005
21845,1,1906,1720.3000000000002
21809,1,1964,1117.92
21808,1,180,637.83
21807,1,438,189.0
21804,1,225,830.03
21757,1,6,29.700000000000003
21758,1,50,427.46000000000004
21761,1,10,299.5
21763,1,6,169.75
21769,1,11,607.6500000000001
21770,1,1638,7923.93
21773,1,1170,1154.17
21774,1,1095,1152.4
21775,1,515,716.86
21777,1,12,95.4
21781,1,168,2661.7999999999997
21784,1,57,633.0699999999999
21785,1,411,268.76
21786,1,1937,916.99
21787,1,8875,7161.1
21788,1,1293,1029.24
21789,1,925,803.65
21790,1,14521,12510.009999999998
21791,1,7864,10504.4
21792,1,344,1497.72
21793,1,304,1296.6100000000001
21794,1,522,2213.42
21801,1,1251,530.26
21802,1,2122,919.14
21803,1,2353,1016.02
21287,1,1790,760.15
21285,1,365,413.88
22047,1,3375,1373.5
20711,1,5007,11014.62
20695,1,5,21.25
20696,1,54,230.81
20697,1,19,48.449999999999996
20698,1,17,43.349999999999994
20699,1,97,266.03
20700,1,73,345.17
20701,1,25,100.97
20702,1,134,573.54
20703,1,1,4.25
20704,1,216,697.7
20705,1,143,428.85
20707,1,464,468.39
20712,1,9773,22092.42
20686,1,267,922.67
20713,1,11429,23001.06
20716,1,400,469.63
20717,1,2855,3561.98
20718,1,4769,6604.29
20719,1,13290,16744.45
20723,1,9793,12548.15
20724,1,17761,21773.39
20726,1,9909,18283.78
20727,1,12195,22346.96
20728,1,11786,21699.48
20731,1,92,109.96
20733,1,1234,956.36
20694,1,43,187.54
20685,1,4088,28049.54
20735,1,623,625.8
20666,1,30,41.53
20652,1,265,346.86
20653,1,73,95.17999999999999
20654,1,152,193.59
20655,1,197,292.29
20657,1,73,105.91
20658,1,433,652.11
20659,1,158,246.84
20661,1,44,141.15
20662,1,31,90.42
20663,1,25,66.26
20664,1,32,81.66
20665,1,461,1546.2700000000002
20667,1,20,49.69
20684,1,80,270.56
20668,1,12883,1501.4
20669,1,304,447.34
20670,1,14,44.04
20671,1,10,12.5
20674,1,1563,2016.23
20675,1,3120,3983.12
20676,1,5023,6374.81
20677,1,3674,4747.34
20678,1,4,6.6
20679,1,1710,10021.42
20681,1,140,506.96
20682,1,1235,4171.33
20734,1,158,271.21999999999997
20748,1,57,751.17
20840,1,533,632.3199999999999
20820,1,5,24.75
20785,1,14,523.3000000000001
20793,1,8,54.0
20794,1,99,282.78999999999996
20795,1,49,113.05000000000001
20796,1,62,103.93999999999998
20798,1,36,75.60000000000001
20801,1,1013,1157.8
20802,1,739,984.4699999999999
20803,1,939,476.38
20816,1,8,15.6
20818,1,15,42.7
20819,1,64,244.72
20821,1,17,84.15
20781,1,35,212.26
20823,1,164,129.56
20826,1,276,128.4
20827,1,88,34.32
20828,1,1128,3074.7799999999997
20829,1,1314,2722.9500000000003
20830,1,136,409.83
20831,1,216,466.53000000000003
20832,1,1067,572.67
20835,1,67,65.8
20836,1,170,141.1
20837,1,141,142.47
20838,1,385,461.45
20782,1,53,368.08
20780,1,47,312.7
20749,1,1762,12550.57
20763,1,73,205.04
20750,1,1747,12634.98
20751,1,971,2041.5200000000002
20752,1,407,920.45
20754,1,1457,3088.86
20755,1,306,271.16999999999996
20756,1,63,53.55
20757,1,158,136.64
20758,1,159,135.15
20759,1,64,54.4
20760,1,69,58.65
20761,1,120,505.97
20762,1,106,420.08
20764,1,142,603.3100000000001
20778,1,15,24.75
20765,1,102,416.05
20766,1,122,493.57
20767,1,250,656.06
20768,1,176,438.57
20769,1,80,217.55999999999997
20770,1,184,447.25
20771,1,102,267.13
20772,1,247,621.1899999999999
20773,1,56,92.39999999999999
20774,1,86,141.23999999999998
20775,1,134,233.54
20777,1,169,282.48999999999995
20619,1,262,439.65
20618,1,148,286.39
20617,1,93,194.94
16054,1,1166,140.52
16012,1,1220,256.2
16014,1,13328,4335.76
16015,1,662,289.98
16016,1,1273,1053.45
16020C,1,84,69.89999999999999
16033,1,840,100.79999999999998
16043,1,98,11.759999999999998
16045,1,8900,380.0
16046,1,65,55.25
16048,1,1460,205.29999999999998
16049,1,504,82.08
16052,1,479,115.3
16151A,1,49,61.25
16010,1,30,3.5999999999999996
16156S,1,5800,2331.0
16161G,1,700,70.0
16161M,1,25,10.5
16161P,1,7201,2980.42
16161U,1,4075,1687.5
16162L,1,20,13.0
16162M,1,28,11.76
16168M,1,371,173.12
16169E,1,4563,1892.46
16169K,1,200,84.0
16169M,1,660,277.2
16169N,1,25,10.5
16011,1,1749,367.29
16008,1,2892,360.71
20616,1,194,243.53
15044A,1,458,1439.0200000000002
10120,1,192,40.32
10123C,1,5,3.25
10124A,1,16,6.72
10124G,1,17,7.14
10125,1,1295,993.99
10133,1,2856,1539.6
10135,1,2229,2204.89
11001,1,1615,2389.44
15030,1,143,41.47
15034,1,6591,840.0200000000001
15036,1,23826,18569.84
15039,1,2090,1978.6399999999999
15044B,1,321,946.83
15060b,1,3,24.869999999999997
15044C,1,313,1022.9900000000001
15044D,1,644,1819.76
15056BL,1,2844,15828.84
15056N,1,3950,22152.690000000002
15056P,1,776,4354.92
15056bl,1,87,1086.88
15056n,1,127,1585.2800000000002
15056p,1,33,412.48
15058A,1,200,1668.49
15058B,1,228,1885.27
15058C,1,240,1429.82
15060B,1,451,1807.55
16169P,1,50,21.0
16202A,1,7,3.5
16202B,1,29,14.5
17109D,1,61,32.349999999999994
17028J,1,6,2.52
17038,1,1525,158.06
17084A,1,200,42.0
17084J,1,225,47.25
17084N,1,1264,313.31
17084P,1,423,104.44
17084R,1,4032,760.3199999999999
17090A,1,109,107.44999999999999
17090D,1,29,36.25
17091A,1,171,98.91
17091J,1,2084,920.67
17096,1,2545,455.9800000000001
17129F,1,588,553.8299999999999
16202E,1,15,7.5
17136A,1,352,29.59
17164B,1,27,11.34
17165D,1,27,28.35
17174,1,9,3.7800000000000002
17191A,1,4,15.0
18007,1,5884,395.61
18094C,1,192,283.93
18097A,1,5,12.75
18097C,1,695,1591.01
18098C,1,213,658.75
18098c,1,52,263.12
20615,1,309,466.99
17021,1,2391,632.34
17014A,1,155,71.19
17013D,1,535,267.82
17012F,1,448,530.6
16206B,1,7,8.75
16207A,1,60,163.1
16207B,1,29,76.14
16216,1,3333,234.0
16218,1,3821,283.31
16219,1,3048,407.71999999999997
16225,1,813,689.35
16235,1,3068,695.4
16236,1,1438,320.09
16237,1,4991,1047.93
16238,1,1396,321.67
16244B,1,7,7.85
16248B,1,13,16.25
16254,1,40,42.58
16258A,1,472,178.97
16259,1,3380,326.56
17001,1,72,20.88
17003,1,23020,6025.95
17007B,1,24,50.400000000000006
17011F,1,81,66.36000000000001
17012A,1,323,375.93
17012B,1,525,595.85
17012C,1,420,481.79999999999995
17012D,1,461,547.24
17012E,1,44,62.64
20839,1,575,840.4399999999999
20845,1,19,120.64999999999999
21284,1,403,374.49
21171,1,438,613.14
21157,1,78,225.5
21158,1,1469,781.87
21159,1,1126,601.79
21160,1,1,3.36
21161,1,143,229.92
21162,1,1462,792.98
21163,1,1196,680.55
21164,1,1766,5155.9800000000005
21165,1,4154,6935.7
21166,1,10324,20874.440000000002
21167,1,1432,337.14
21169,1,4413,7301.7699999999995
21172,1,3485,5338.63
21155,1,3155,9296.3
21174,1,4175,9405.76
21179,1,1940,1313.79
21181,1,12274,25225.480000000003
21186,1,2,6.72
21187,1,369,648.4499999999999
21188,1,326,1021.9000000000001
21189,1,355,888.67
21190,1,168,245.20000000000002
21191,1,562,1451.82
21192,1,1092,1923.2899999999997
21194,1,498,555.97
21195,1,693,1308.56
21156,1,3170,6091.099999999999
21154,1,4034,6320.51
21197,1,284,382.9599999999999
21123,1,1143,1380.84
21106,1,237,702.51
21107,1,901,2492.71
21108,1,10241,18056.280000000002
21110,1,1105,3815.7
21111,1,900,1651.02
21114,1,1341,1778.08
21115,1,562,3162.24
21116,1,695,4051.79
21117,1,109,141.75
21120,1,1,16.98
21121,1,6606,7998.85
21122,1,5325,6488.54
21124,1,4011,4863.05
21147,1,203,415.77
21125,1,657,830.98
21126,1,592,748.95
21128,1,68,546.6
21129,1,52,419.52000000000004
21131,1,106,398.02
21132,1,44,217.35999999999999
21135,1,2869,3206.0
21136,1,4687,7793.139999999999
21137,1,11651,40633.38
21143,1,327,707.23
21144,1,5,16.8
21145,1,122,152.5
21196,1,108,189.67999999999998
21198,1,1028,1006.8199999999999
20846,1,716,957.32
21262,1,332,1233.21
21245,1,1075,1787.1999999999998
21246,1,286,1336.78
21248,1,205,330.71999999999997
21249,1,724,2160.0
21250,1,95,274.37
21251,1,182,568.98
21253,1,134,590.4200000000001
21257,1,688,6901.42
21258,1,532,7674.799999999999
21259,1,1179,7077.200000000001
21260,1,1161,3722.23
21261,1,187,672.09
21263,1,167,349.17
21242,1,3373,5699.71
21264,1,283,571.65
21265,1,131,267.21
21268,1,2,0.84
21269,1,29,254.98000000000002
21270,1,50,530.19
21272,1,548,777.5699999999999
21275,1,13,270.08
21277,1,26,571.43
21278,1,31,79.05
21279,1,85,266.15
21280,1,65,165.75
21281,1,43,129.63
21244,1,2282,3789.3199999999997
21240,1,3570,3110.2599999999998
21199,1,966,888.3299999999999
21213,1,15169,8414.59
21200,1,1119,1531.1399999999999
21201,1,1240,2987.82
21202,1,474,485.46
21204,1,499,868.4399999999999
21205,1,253,677.1899999999999
21206,1,1290,1610.9199999999998
21207,1,1067,1684.85
21208,1,940,697.77
21209,1,1224,886.24
21210,1,5808,8368.39
21211,1,883,1270.07
21212,1,36396,21246.45
21215,1,1087,744.35
21239,1,3016,2707.34
21216,1,2128,11382.81
21217,1,1088,11522.439999999999
21218,1,2433,10116.49
21219,1,448,561.84
21220,1,338,445.01
21221,1,261,340.22
21222,1,265,348.19
21224,1,914,1080.0
21226,1,93,80.55
21228,1,5,6.25
21231,1,6054,7617.280000000001
21238,1,3969,3488.44
21100,1,65,162.20999999999998
21098,1,3719,5078.76
21096,1,1259,581.09
20971,1,10993,13828.1
20936,1,100,319.66
20941,1,64,83.78
20954,1,2,16.94
20956,1,822,1146.52
20960,1,29,72.49
20961,1,1232,1745.43
20963,1,1336,1911.17
20964,1,2,5.1
20966,1,719,1022.8
20967,1,265,1027.94
20969,1,1960,7229.43
20970,1,1116,4232.13
20972,1,7337,9128.06
20934,1,68,424.46000000000004
20973,1,4497,3210.27
20974,1,6976,4527.43
20975,1,6633,4383.27
20977,1,1739,2328.64
20978,1,1795,2395.05
20979,1,3734,4723.7300000000005
20980,1,79,76.91
20981,1,1974,1740.57
20982,1,2151,1880.6699999999998
20983,1,2737,2374.81
20984,1,3785,1166.07
20985,1,1179,1540.59
20935,1,6,17.700000000000003
20933,1,23,71.05
21095,1,125,118.72999999999999
20871,1,2,8.42
20847,1,52,217.57999999999998
20848,1,21,61.95
20851,1,9,53.550000000000004
20854,1,242,383.02
20856,1,216,357.28999999999996
20857,1,32,52.8
20860,1,1,2.1
20861,1,2,4.2
20866,1,597,709.7
20867,1,331,393.46999999999997
20868,1,458,219.35000000000002
20869,1,180,86.76
20878,1,24,30.0
20932,1,204,628.7900000000001
20886,1,485,986.23
20892,1,4,89.22
20893,1,268,609.02
20894,1,33,108.71000000000001
20897,1,107,298.27
20898,1,38,105.73
20901,1,19,85.13
20902,1,112,686.86
20903,1,82,441.89
20906,1,3,8.850000000000001
20910,1,8,50.8
20931,1,299,1060.9
20986,1,654,829.74
20992,1,4425,1944.6299999999999
20996,1,3191,726.8900000000001
21068,1,1638,1890.33
21055,1,178,1764.6399999999999
21056,1,184,1765.3999999999999
21058,1,1154,965.66
21059,1,611,528.2299999999999
21060,1,405,359.28999999999996
21061,1,488,451.7
21062,1,538,457.38
21063,1,528,458.31
21064,1,296,1281.2
21065,1,562,1160.58
21066,1,702,693.47
21067,1,317,504.15
21069,1,1949,2250.52
20997,1,59,257.61
21070,1,1106,1184.98
21071,1,991,1380.28
21078,1,2769,2531.04
21080,1,13202,11312.56
21082,1,88,143.44
21084,1,2610,773.14
21086,1,7121,4851.5
21087,1,141,74.57000000000001
21088,1,1678,428.28000000000003
21089,1,233,48.99
21090,1,2413,1274.1899999999998
21094,1,8758,6933.259999999999
21054,1,70,634.53
21051,1,192,377.2
21043,1,492,1139.86
21042,1,334,2199.52
20998,1,185,505.20000000000005
21000,1,96,360.84
21001,1,73,348.19
21002,1,125,428.66
21003,1,78,460.58
21009,1,1,1.25
21011,1,20,28.999999999999996
21012,1,1169,2614.05
21014,1,1385,598.8199999999999
21015,1,1483,589.55
21018,1,24,22.06
21025,1,174,233.52
21026,1,255,315.75
21027,1,167,187.79
21028,1,187,239.24
21030,1,131,159.7
21031,1,52,64.24
21032,1,97,117.78
21033,1,1932,4851.73
21034,1,1878,1784.1
21035,1,2599,8536.85
21038,1,77,86.75
21039,1,523,1353.6899999999998
21040,1,22,29.7
21041,1,914,3888.98
22046,1,2250,929.0
22048,1,975,393.5
23150,1,148,390.75000000000006
22761,1,36,895.38
22749,1,2362,9216.16
22750,1,2001,7491.83
22751,1,1563,5801.47
22752,1,1787,14427.970000000001
22753,1,1010,758.13
22754,1,1951,1350.4699999999998
22755,1,1687,1187.96
22756,1,599,656.52
22757,1,1096,1167.74
22758,1,1195,1110.25
22759,1,5435,9027.439999999999
22760,1,275,3491.8599999999997
22762,1,171,2786.0299999999997
22747,1,954,2080.85
22763,1,206,2176.3199999999997
22764,1,5,174.76999999999998
22765,1,27,316.95000000000005
22766,1,3267,9755.09
22767,1,774,7173.549999999999
22768,1,867,8258.59
22769,1,11,366.73
22770,1,94,1515.68
22771,1,6539,8930.44
22772,1,3793,5116.7
22773,1,2075,2739.4
22774,1,2254,2871.75
22748,1,2117,4880.83
22746,1,1447,3236.5400000000004
22779,1,1537,5789.85
22731,1,1172,1536.24
22718,1,1633,717.23
22719,1,620,895.72
22720,1,7483,38108.89
22721,1,1020,4671.81
22722,1,5966,24436.260000000002
22723,1,1164,4262.820000000001
22725,1,1980,8153.6
22726,1,6419,27155.28
22727,1,7800,30644.87
22728,1,5356,20672.15
22729,1,2323,9068.95
22730,1,2885,11453.4
22732,1,1645,2162.75
22745,1,2021,4661.79
22733,1,1583,2095.08
22734,1,3261,10610.04
22735,1,741,1379.21
22736,1,1222,2297.1
22737,1,1388,2694.15
22738,1,2173,3829.67
22739,1,1818,3556.97
22740,1,6842,5793.62
22741,1,8547,7363.86
22742,1,639,1323.5700000000002
22743,1,930,2408.54
22744,1,867,2084.8500000000004
22775,1,3105,4469.37
22780,1,1346,5044.34
22851,1,2741,2368.64
22831,1,706,2070.9
22819,1,2608,1104.81
22820,1,940,575.4200000000001
22821,1,1171,722.6700000000001
22822,1,433,2582.75
22823,1,24,2745.0
22824,1,55,1938.2500000000002
22825,1,73,584.37
22826,1,58,6210.0
22827,1,35,5415.0
22828,1,10,1530.0
22829,1,227,2295.43
22830,1,131,2610.29
22832,1,162,1781.82
22817,1,2639,1114.81
22833,1,76,2603.5299999999997
22834,1,4941,7105.33
22835,1,3441,17892.96
22838,1,689,9765.11
22839,1,445,6981.67
22840,1,913,6903.79
22841,1,529,4101.77
22842,1,589,3823.21
22843,1,450,2904.52
22844,1,1003,9661.32
22845,1,802,5396.929999999999
22846,1,665,10676.619999999999
22818,1,3633,1550.4
22816,1,3987,1691.76
22781,1,621,5191.01
22798,1,1798,5561.3
22782,1,241,3399.95
22783,1,463,5961.25
22784,1,1272,6360.99
22786,1,123,764.63
22788,1,220,2025.96
22789,1,844,1657.02
22791,1,7955,9873.880000000001
22792,1,2785,2622.93
22794,1,326,2784.9
22795,1,1211,8571.25
22796,1,582,5787.45
22797,1,163,2851.3599999999997
22799,1,207,1623.08
22815,1,2628,1118.84
22800,1,870,3560.74
22801,1,1027,4203.89
22802,1,87,1474.74
22803,1,54,2038.0900000000001
22805,1,1890,2576.03
22806,1,260,677.0400000000001
22807,1,818,2417.73
22808,1,345,1038.8700000000001
22809,1,1240,3781.2000000000003
22810,1,944,3022.0800000000004
22811,1,881,2419.29
22814,1,2129,888.47
22717,1,1229,535.78
22716,1,3201,1360.91
22715,1,1543,645.64
22638,1,300,481.88
22625,1,1620,14082.2
22626,1,517,4401.86
22627,1,852,7521.89
22628,1,965,4620.91
22629,1,14249,25719.02
22630,1,11780,21609.789999999997
22631,1,3677,7199.57
22633,1,4851,10023.720000000001
22634,1,763,7161.3
22635,1,681,6412.33
22636,1,595,5009.56
22637,1,2760,7111.18
22639,1,805,1935.1599999999999
22623,1,937,5236.31
22640,1,237,446.84
22641,1,139,303.72999999999996
22642,1,269,596.36
22643,1,238,441.83
22644,1,2214,2986.97
22645,1,2354,4709.74
22646,1,4160,5684.17
22647,1,732,466.18
22649,1,795,4132.88
22650,1,851,1320.6999999999998
22651,1,2166,1837.4699999999998
22652,1,5091,8612.07
22624,1,1883,16378.710000000001
22622,1,1342,13931.31
22714,1,3487,1415.73
22606,1,313,4638.46
22591,1,413,1509.41
22592,1,658,3021.12
22593,1,2263,2085.64
22594,1,2006,1905.7699999999998
22596,1,3476,4110.42
22598,1,990,446.2
22599,1,1953,967.7599999999999
22600,1,1698,1543.2299999999998
22601,1,2479,2219.83
22603,1,1387,1235.3799999999999
22604,1,1251,3039.66
22605,1,782,11276.21
22607,1,1327,12531.57
22621,1,6148,10053.65
22608,1,5211,1114.6399999999999
22609,1,5874,1368.1
22610,1,9572,2571.4
22611,1,225,1077.03
22613,1,1538,1222.61
22614,1,3032,1024.2199999999998
22615,1,2073,660.15
22616,1,26119,7975.98
22617,1,2209,10745.050000000001
22618,1,69,671.53
22619,1,2480,9895.04
22620,1,4889,6782.21
22653,1,1876,3378.5
22654,1,1411,9893.0
22655,1,60,8125.0
22700,1,1196,2602.18
22688,1,705,3519.6600000000003
22689,1,673,5176.25
22690,1,1619,9943.7
22691,1,371,2678.77
22692,1,1522,11539.06
22693,1,16244,17927.45
22694,1,1842,4251.72
22695,1,741,1001.49
22696,1,729,1452.55
22697,1,7278,22755.5
22698,1,5788,17445.56
22699,1,9864,29056.920000000002
22701,1,549,922.89
22656,1,26,3685.0
22702,1,1363,2684.6499999999996
22703,1,360,583.33
22704,1,5253,2158.26
22705,1,1883,790.86
22706,1,2057,847.94
22707,1,1257,527.94
22708,1,2800,1160.0
22709,1,1325,528.5
22710,1,4501,1774.42
22711,1,2902,1202.84
22712,1,4435,1822.2
22713,1,3441,1437.36
22687,1,590,3354.22
22686,1,993,1308.38
22685,1,594,780.8
22684,1,531,726.07
22659,1,11504,20781.649999999998
22660,1,364,2678.96
22661,1,5194,4214.95
22662,1,6706,11060.88
22663,1,3419,7051.2
22664,1,713,1472.85
22665,1,1516,5192.08
22666,1,8269,26219.95
22667,1,2882,8045.1
22668,1,2179,6677.969999999999
22669,1,1128,3559.0
22670,1,1882,2516.75
22671,1,962,1608.6999999999998
22672,1,1476,2511.22
22673,1,791,1016.08
22674,1,1346,1692.72
22675,1,1240,1555.16
22676,1,1155,1578.39
22677,1,1001,1389.07
22678,1,843,1151.56
22679,1,740,1023.03
22680,1,842,1157.79
22681,1,710,973.15
22682,1,677,896.75
22683,1,644,871.49
22848,1,323,5208.45
22852,1,390,1757.8799999999999
22588,1,684,2141.32
23046,1,349,2111.4900000000002
23024,1,255,667.8500000000001
23025,1,350,760.8000000000001
23026,1,556,1198.96
23027,1,295,627.95
23033,1,714,1058.8999999999999
23034,1,979,1448.6699999999998
23036,1,184,232.42000000000002
23037,1,196,325.15999999999997
23038,1,44,42.919999999999995
23039,1,199,399.71
23040,1,253,1394.03
23042,1,103,711.51
23048,1,577,2368.37
23022,1,422,808.16
23049,1,456,3896.84
23050,1,497,4286.55
23051,1,365,3223.49
23052,1,654,5949.34
23053,1,364,3254.32
23054,1,295,2604.93
23055,1,657,1395.18
23058,1,490,430.86
23060,1,249,528.1700000000001
23064,1,221,3717.56
23067,1,294,1236.66
23069,1,88,556.21
23023,1,274,437.81999999999994
23021,1,120,500.82000000000005
23072,1,334,1273.76
23003,1,542,226.2
22989,1,2811,8999.27
22990,1,633,2917.4300000000003
22991,1,3887,7604.889999999999
22992,1,5233,10373.99
22993,1,12649,16478.48
22994,1,2194,956.94
22995,1,2381,1058.64
22996,1,4801,2094.93
22997,1,2545,1094.93
22998,1,12366,5262.82
23000,1,3169,1368.28
23002,1,2119,914.37
23004,1,2002,903.16
23019,1,81,629.0500000000001
23005,1,4733,2126.55
23006,1,1758,762.75
23007,1,498,7741.749999999999
23008,1,433,6719.61
23009,1,263,4082.5199999999995
23010,1,315,4879.599999999999
23012,1,1071,4197.110000000001
23013,1,924,3674.1600000000003
23014,1,856,3419.5800000000004
23016,1,74,575.25
23017,1,67,826.28
23018,1,51,612.1600000000001
23070,1,160,709.5400000000001
23073,1,143,1706.5
22853,1,472,1655.96
23134,1,1065,6431.110000000001
23117,1,93,501.23
23118,1,813,6102.18
23119,1,2282,1401.7
23120,1,1685,682.39
23121,1,2501,1000.4399999999999
23122,1,2251,1726.09
23123,1,935,759.5699999999999
23124,1,567,751.38
23125,1,459,574.88
23129,1,950,3999.5000000000005
23132,1,1020,5138.6
23133,1,782,5525.4
23135,1,1541,5416.18
23115,1,152,770.32
23136,1,135,511.89
23137,1,83,275.62
23138,1,879,1231.51
23139,1,414,528.6999999999999
23140,1,182,766.1
23141,1,79,272.91
23142,1,121,1220.8200000000002
23143,1,30,239.97
23144,1,5089,4197.83
23146,1,798,2645.26
23147,1,1868,2752.2
23149,1,99,251.45000000000002
23116,1,76,382.44
23114,1,149,737.95
23074,1,246,547.27
23090,1,2237,1870.0299999999997
23076,1,8076,9935.76
23077,1,10395,13695.77
23078,1,6831,8553.34
23079,1,251,2225.45
23080,1,1074,9117.62
23082,1,2328,8558.76
23083,1,1932,7250.900000000001
23084,1,30739,66870.03
23085,1,376,3583.23
23087,1,868,1090.66
23088,1,795,1033.28
23089,1,2354,4215.78
23092,1,523,3757.78
23113,1,1154,5868.5
23093,1,939,2239.2400000000002
23094,1,152,1924.92
23096,1,1033,1736.6899999999998
23099,1,137,925.35
23100,1,2166,2739.38
23101,1,2031,1739.6299999999999
23102,1,1274,1075.03
10080,1,303,119.08999999999999
23108,1,2219,13290.519999999999
23110,1,700,4147.18
23111,1,312,3839.2400000000002
23112,1,546,4507.08
22988,1,9073,10858.31
22987,1,102,42.84
22984,1,2693,1096.09
22898,1,2414,5150.92
22885,1,96,172.78
22886,1,87,146.43
22887,1,78,126.78
22888,1,76,124.97999999999999
22889,1,169,263.8
22890,1,385,3939.87
22891,1,420,2108.18
22892,1,2472,3021.6
22893,1,1872,931.02
22894,1,305,3027.3799999999997
22895,1,2058,6334.3
22897,1,1350,2013.1
22899,1,2069,4326.43
22883,1,100,191.48
22900,1,4907,14938.43
22902,1,1288,2633.28
22903,1,193,550.6
22904,1,1834,5467.26
22905,1,581,1502.2900000000002
22906,1,1733,2947.87
22907,1,6573,5670.0
22908,1,4380,3569.58
22909,1,8976,8041.179999999999
22910,1,10594,32843.840000000004
22911,1,463,1358.0900000000001
22912,1,287,1342.39
22884,1,99,194.04999999999998
22882,1,108,213.7
22983,1,5290,2256.56
22867,1,6433,14061.890000000001
22854,1,767,3708.52
22855,1,2642,3301.73
22856,1,569,729.57
22857,1,1145,965.8599999999999
22858,1,1126,1860.7799999999997
22859,1,1203,2003.07
22860,1,589,1017.7699999999999
22861,1,305,522.93
22862,1,171,826.95
22863,1,719,2070.73
22865,1,8439,17786.13
22866,1,6611,14366.52
22868,1,63,144.65
22881,1,102,197.56
22869,1,96,246.14
22870,1,93,240.29
22871,1,67,163.35
22872,1,72,177.46
22873,1,60,145.5
22874,1,65,150.81
22875,1,63,149.09
22876,1,61,138.81
22877,1,63,138.10999999999999
22878,1,75,204.19
22879,1,70,102.46
22880,1,97,196.69
22913,1,352,1673.15
22914,1,467,2261.21
22915,1,3152,1406.42
22968,1,794,7851.98
22951,1,7481,3990.2000000000003
22954,1,197,241.38
22955,1,1040,2053.3500000000004
22956,1,2050,3983.3900000000003
22957,1,1775,5014.650000000001
22959,1,4901,2014.42
22960,1,8695,37082.13
22961,1,16396,25637.78
22962,1,3896,3288.11
22964,1,2624,5472.6900000000005
22966,1,7440,9202.15
22967,1,1171,3271.4100000000003
22969,1,12520,18771.149999999998
22916,1,1905,1314.21
22970,1,4334,10140.6
22971,1,2431,5849.29
22973,1,1255,2136.0099999999998
22974,1,1598,2729.6899999999996
22975,1,1204,1624.63
22976,1,1066,1389.01
22977,1,950,1252.61
22978,1,2464,9564.98
22979,1,4090,6391.82
22980,1,2363,3910.0099999999998
22981,1,471,704.13
22982,1,1154,1543.77
22948,1,1599,1603.29
22947,1,746,8714.24
22946,1,453,7030.22
22945,1,2991,3008.92
22917,1,1937,1340.22
22918,1,1869,1275.3500000000001
22919,1,1753,1221.8600000000001
22920,1,3423,2153.34
22921,1,1716,1180.8700000000001
22922,1,1587,1422.8999999999999
22923,1,1360,1130.77
22924,1,1295,1154.6
22925,1,449,2757.4700000000003
22926,1,594,3656.8500000000004
22927,1,430,2704.71
22928,1,288,1993.75
22929,1,19,1199.75
22930,1,1108,2846.8
22931,1,813,1963.3
22933,1,940,2585.92
22934,1,589,1707.47
22935,1,690,2066.82
22936,1,279,895.97
22938,1,2367,4488.63
22940,1,1915,7890.25
22941,1,1670,13795.92
22942,1,608,4460.54
22943,1,1355,6755.47
22944,1,3375,1843.64
22589,1,379,1212.82
22587,1,918,830.52
22049,1,1050,291.5
22232,1,690,604.4599999999999
22218,1,1,4.25
22219,1,4133,4033.7299999999996
22220,1,231,1849.25
22221,1,131,1104.54
22222,1,1057,3880.2
22223,1,441,1821.6100000000001
22224,1,834,2764.0600000000004
22227,1,2341,1708.0700000000002
22228,1,1000,777.78
22229,1,568,432.46
22230,1,1047,480.62999999999994
22231,1,998,1027.72
22233,1,596,607.14
22216,1,588,512.93
22236,1,308,3624.5999999999995
22241,1,1952,2609.43
22242,1,640,994.3799999999999
22243,1,3098,4751.639999999999
22244,1,1703,3276.2099999999996
22245,1,1262,1070.0
22247,1,668,591.4399999999999
22248,1,593,525.09
22249,1,928,812.86
22250,1,819,730.9499999999999
22251,1,712,889.49
22252,1,643,761.57
22217,1,839,831.26
22215,1,343,2471.39
22255,1,629,602.63
22196,1,2847,2754.16
22184,1,56,471.86
22185,1,1472,2235.9399999999996
22186,1,848,1997.48
22187,1,1266,3245.68
22188,1,4870,12483.220000000001
22189,1,8284,23435.82
22190,1,676,1057.71
22191,1,1445,11911.65
22192,1,954,8189.29
22193,1,1400,11857.07
22194,1,66,625.6899999999999
22195,1,1976,3720.66
22198,1,1025,1870.9099999999999
22214,1,193,416.59999999999997
22200,1,398,1809.48
22201,1,193,716.8
22202,1,64,319.35
22203,1,403,1483.13
22204,1,197,669.54
22206,1,5,4.17
22207,1,1333,5833.59
22208,1,1509,1571.4899999999998
22209,1,945,964.2199999999999
22210,1,1017,958.04
22211,1,1008,1122.3899999999999
22212,1,1609,3700.94
22254,1,657,836.8000000000001
22256,1,286,387.9
22321,1,893,860.93
22306,1,1162,1415.8500000000001
22293,1,903,1335.87
22294,1,5457,6805.08
22295,1,2789,4613.969999999999
22296,1,3140,5247.719999999999
22297,1,4164,5459.91
22299,1,1379,1386.97
22300,1,1528,3409.21
22301,1,2205,4980.83
22302,1,2329,5134.29
22303,1,2816,6338.25
22304,1,761,1352.88
22305,1,693,1604.58
22307,1,770,969.64
22291,1,1289,1906.02
22308,1,250,877.38
22309,1,369,1091.05
22310,1,668,1296.23
22311,1,1132,3403.76
22312,1,645,1950.4900000000002
22313,1,565,1564.8300000000002
22314,1,570,1759.1200000000001
22315,1,916,1218.93
22316,1,660,742.37
22317,1,286,879.6700000000001
22318,1,462,1541.6200000000001
22319,1,1322,572.26
22292,1,1136,1604.51
22289,1,148,193.52
22257,1,373,280.42
22271,1,1701,5007.35
22258,1,912,743.89
22259,1,481,332.84
22260,1,552,577.4399999999999
22261,1,579,544.7099999999999
22262,1,1023,950.4599999999999
22263,1,326,195.97
22264,1,1561,736.98
22265,1,536,363.55
22266,1,1887,595.85
22267,1,836,673.17
22269,1,932,621.49
22270,1,243,942.1999999999999
22272,1,196,564.9200000000001
22288,1,474,616.95
22273,1,4509,12001.59
22274,1,1340,3953.4800000000005
22275,1,69,527.85
22276,1,290,838.86
22277,1,417,897.74
22278,1,405,2704.35
22279,1,831,1003.4
22280,1,468,509.59
22281,1,131,929.44
22282,1,149,2378.52
22283,1,299,2726.43
22284,1,927,1597.0699999999997
22183,1,322,1916.01
22182,1,372,1420.58
22181,1,591,500.90999999999997
22095,1,1643,1605.96
22083,1,4616,14051.640000000001
22084,1,5181,15099.37
22085,1,548,1566.99
22086,1,19329,64875.590000000004
22087,1,4082,11872.58
22088,1,1893,5661.05
22089,1,1423,4457.43
22090,1,7562,22785.06
22091,1,1983,1030.1000000000001
22092,1,670,321.40000000000003
22093,1,1830,822.13
22094,1,2166,1135.0
22096,1,1366,584.09
22081,1,644,1176.5
22097,1,1596,732.39
22098,1,1992,1001.5500000000001
22099,1,1440,800.59
22100,1,755,354.82
22101,1,1438,2053.17
22102,1,1622,831.84
22103,1,1248,908.24
22104,1,288,343.71
22105,1,574,847.82
22106,1,349,898.38
22107,1,592,2153.06
22108,1,152,415.09000000000003
22082,1,2680,4661.88
22080,1,1206,2003.48
22180,1,330,3521.54
22065,1,6729,3462.25
22050,1,1225,498.5
22051,1,975,409.5
22052,1,650,273.0
22053,1,4244,3606.4199999999996
22055,1,1375,2083.19
22057,1,584,667.92
22059,1,1780,2081.54
22060,1,231,1111.05
22061,1,582,4218.0599999999995
22062,1,583,677.86
22063,1,583,1367.45
22064,1,1728,2546.2999999999997
22066,1,2239,1044.81
22079,1,1897,3325.29
22067,1,408,638.6199999999999
22068,1,526,856.39
22069,1,414,993.5
22070,1,948,2354.4
22071,1,729,1384.3
22072,1,848,2811.17
22073,1,334,1336.14
22074,1,1402,1239.6699999999998
22075,1,1773,2489.0299999999997
22076,1,1259,1667.8799999999999
22077,1,9172,17186.62
22078,1,1369,2923.21
22109,1,1640,6921.15
22110,1,1172,4912.14
22111,1,4655,24455.39
22163,1,875,1042.78
22149,1,6070,12357.08
22150,1,3021,5907.84
22151,1,15126,6322.21
22152,1,2407,1053.08
22153,1,2593,1109.05
22154,1,3745,1636.67
22155,1,2452,1133.61
22156,1,2196,2113.1299999999997
22157,1,212,180.2
22158,1,3413,11797.380000000001
22161,1,5083,1645.75
22162,1,264,841.24
22164,1,78,250.22000000000003
22112,1,6017,32826.58
22165,1,415,3328.2
22166,1,207,1614.4
22167,1,236,2391.12
22168,1,143,1205.3
22169,1,1197,10345.76
22170,1,1068,6977.6
22171,1,1794,13611.81
22173,1,2444,7767.8
22174,1,3218,5978.78
22175,1,877,2594.23
22176,1,512,1536.88
22178,1,24275,33146.82
22148,1,1933,3917.45
22147,1,6226,8621.14
22146,1,1,1.95
22145,1,30,63.0
22113,1,3220,12763.08
22114,1,5740,32973.44
22115,1,1549,2020.91
22116,1,575,620.42
22117,1,1320,3896.4500000000003
22118,1,230,895.26
22119,1,345,1734.8700000000001
22120,1,523,5247.09
22121,1,352,2159.7000000000003
22123,1,508,1068.3799999999999
22124,1,149,306.16
22125,1,13,139.86
22127,1,404,504.88
22128,1,1762,2127.53
22130,1,2277,2664.6299999999997
22131,1,2031,3936.5899999999997
22132,1,1038,939.03
22133,1,816,770.73
22136,1,378,679.28
22137,1,82,237.98000000000002
22138,1,4937,24185.27
22139,1,4518,22868.260000000002
22141,1,2791,6463.790000000001
22142,1,3247,4946.19
22144,1,4073,9662.28
22320,1,189,1147.27
22322,1,820,747.81
22586,1,856,774.55
22508,1,1594,6525.88
22494,1,1088,1572.27
22495,1,282,748.82
22496,1,253,535.11
22497,1,224,1140.9
22498,1,333,2116.04
22499,1,2091,12792.25
22500,1,248,967.05
22501,1,1602,19302.26
22503,1,99,2010.12
22504,1,247,4674.62
22505,1,1457,7084.42
22507,1,2960,14193.35
22509,1,209,2124.54
22492,1,26633,16937.82
22510,1,210,402.74
22511,1,251,495.2
22512,1,122,269.71
22513,1,152,539.9
22514,1,302,704.45
22515,1,266,608.95
22516,1,206,494.89000000000004
22517,1,199,447.63000000000005
22518,1,363,783.5400000000001
22519,1,411,906.7500000000001
22520,1,719,622.0999999999999
22521,1,609,525.51
22493,1,2461,3986.64
22491,1,3947,3183.6299999999997
22523,1,864,750.81
22474,1,303,1636.27
22459,1,386,1018.19
22460,1,2546,3273.5
22461,1,239,1453.5800000000002
22464,1,3402,5485.629999999999
22465,1,2053,3141.5399999999995
22467,1,7926,18798.670000000002
22468,1,517,3633.17
22469,1,17963,32094.6
22470,1,9887,30098.11
22471,1,419,1502.02
22472,1,320,1527.01
22473,1,503,1623.04
22475,1,313,1590.82
22489,1,9719,4072.13
22476,1,880,2839.21
22477,1,1364,1967.9
22478,1,1537,2210.62
22479,1,1139,1658.57
22480,1,630,755.96
22481,1,825,747.3
22482,1,478,565.86
22483,1,770,2302.94
22485,1,526,7190.349999999999
22486,1,71,446.45
22487,1,784,7909.28
22488,1,3195,5573.679999999999
22522,1,930,772.59
22524,1,642,883.1999999999999
22323,1,1,1.95
22571,1,2434,2185.48
22559,1,505,626.53
22560,1,8144,9572.32
22561,1,5883,9741.57
22562,1,1413,1763.3700000000001
22563,1,2823,3348.1800000000003
22564,1,2697,3057.27
22565,1,933,872.67
22566,1,873,789.78
22567,1,2448,3251.6
22568,1,3373,12413.89
22569,1,2759,10110.83
22570,1,3086,11204.97
22572,1,1380,1244.6699999999998
22557,1,4712,7762.239999999999
22573,1,2684,2423.0
22574,1,2333,2199.5899999999997
22575,1,636,1216.22
22576,1,1538,1414.4599999999998
22577,1,10608,4075.3599999999997
22578,1,10460,3876.5399999999995
22579,1,5167,1988.0199999999998
22580,1,1311,6848.1900000000005
22581,1,1569,1137.28
22582,1,1061,2649.35
22583,1,573,1570.3999999999999
22585,1,6221,7547.89
22558,1,8676,13325.869999999999
22556,1,6113,10061.859999999999
22525,1,489,648.97
22539,1,2918,1129.32
22526,1,125,1720.26
22528,1,1,3.36
22529,1,851,349.03
22530,1,3628,1516.46
22531,1,3382,1412.41
22532,1,1072,366.75
22533,1,1782,644.39
22534,1,4496,1871.12
22535,1,1763,669.75
22536,1,4752,1803.95
22537,1,1929,844.0
22538,1,402,164.42000000000002
22540,1,2519,960.86
22555,1,6010,9841.829999999998
22541,1,503,201.95
22543,1,1453,530.8
22544,1,4518,1714.9199999999998
22545,1,1142,435.67
22546,1,2103,799.9799999999999
22547,1,809,338.23
22548,1,1975,2348.94
22549,1,3188,4798.38
22550,1,1162,4194.89
22551,1,8074,13602.109999999999
22553,1,4242,7132.119999999999
22554,1,7803,13328.269999999999
22458,1,523,1421.83
22457,1,9119,27991.61
22456,1,1727,9534.67
22371,1,1086,5072.32
22356,1,9716,11417.74
22357,1,468,2175.04
22358,1,698,2551.2200000000003
22359,1,183,605.7700000000001
22360,1,1010,3192.82
22361,1,727,2592.33
22362,1,408,1329.44
22363,1,480,1380.8
22364,1,616,2001.32
22365,1,789,5754.03
22366,1,800,6034.9
22367,1,3749,7508.58
22372,1,279,1289.49
22354,1,750,2860.98
22374,1,546,2427.52
22375,1,346,1626.54
22376,1,252,1133.2
22377,1,1330,2171.53
22378,1,2283,3638.5699999999997
22379,1,6896,15607.59
22380,1,1312,2815.46
22381,1,3439,7433.74
22382,1,10427,18031.31
22384,1,10487,17388.99
22385,1,8666,17071.59
22386,1,21448,42401.01
22355,1,18124,29254.149999999998
22353,1,60,153.0
22454,1,266,757.0200000000001
22337,1,912,574.5400000000001
22324,1,286,688.3
22325,1,249,1146.3500000000001
22326,1,8535,24364.870000000003
22327,1,1167,4304.25
22328,1,6835,19094.97
22329,1,1603,2661.89
22331,1,1840,2975.14
22332,1,1032,1677.9999999999998
22333,1,4492,7043.94
22334,1,707,1160.7099999999998
22335,1,2380,1668.89
22336,1,2381,754.0300000000001
22338,1,4679,1233.91
22352,1,3088,7860.969999999999
22339,1,2468,683.3100000000001
22340,1,1398,787.2099999999999
22341,1,453,827.6299999999999
22342,1,997,1111.58
22343,1,1974,873.3299999999999
22344,1,1225,459.81
22345,1,1117,399.05
22346,1,1034,381.09
22348,1,4084,3583.29
22349,1,1366,5381.5199999999995
22350,1,1410,3822.1199999999994
22351,1,13,23.089999999999996
22389,1,338,641.55
22390,1,266,440.34
22391,1,158,245.57999999999998
22440,1,6010,2375.04
22428,1,246,1854.76
22429,1,1262,5507.18
22430,1,617,3241.34
22431,1,2058,3998.7099999999996
22432,1,1716,3342.8199999999997
22433,1,1394,2667.5
22434,1,793,1570.41
22435,1,2757,3445.5
22436,1,2134,1398.51
22437,1,2828,2417.24
22438,1,1009,1034.9
22439,1,1898,1293.22
22441,1,1047,2292.9100000000003
22393,1,510,736.88
22442,1,296,1241.3
22443,1,164,1391.74
22444,1,838,1106.62
22445,1,534,1615.91
22446,1,439,1135.18
22447,1,137,410.81
22448,1,201,656.4300000000001
22449,1,491,1583.95
22450,1,194,657.76
22451,1,222,775.8000000000001
22452,1,722,1760.3100000000002
22453,1,442,1185.79
22427,1,2106,12647.26
22426,1,742,2855.21
22425,1,460,2346.1200000000003
22424,1,873,12358.33
22394,1,168,230.67999999999998
22395,1,152,220.04
22396,1,1226,630.37
22398,1,2575,1589.12
22399,1,1152,1347.08
22400,1,1393,729.09
22402,1,1719,1033.16
22403,1,1322,689.28
22405,1,372,415.36
22406,1,346,403.46
22408,1,145,162.44
22409,1,228,299.72
22410,1,237,247.42000000000002
22411,1,12574,28577.1
22412,1,911,1931.8500000000001
22413,1,3774,11095.94
22414,1,279,2038.39
22415,1,19,151.05
22417,1,8420,4563.24
22418,1,6564,5585.45
22419,1,3338,1673.1
22420,1,1333,611.3
22421,1,2597,1347.1
22422,1,1273,776.1
22423,1,13851,174156.54
m,1,1,2.55
